ReleaseNumber,InvoiceNumber,CustomerPO,Status,InvoiceDate,OrderDate,SalesOrderAmount,InvoiceAmount,MerchAmount,TaxAmount,Freight,Other,InvoiceDueDate,ShipToNumber,ShipToName,ShipToAddress1,ShipToAddress2,ShipToAddress3,ShipToCity,ShipToState,ShipToPostalCode,ShipToCountry,OrderEntryDate,ShipVia,ARTermCode,TotalQty,TotalWeight,TrackingNumbers,InvStatus,InvBalDue,PreferredCarrier,UnitsSold,ProductNumber,ModelNum,Description,UOM,Cost,ExtCost,OrdNum,LineItemNum,BOQty,ShipQty,LineItemWeightExt,ShipWhseNum,LineShipVia,SerialNums
ND371838,ND304037,SHAWN,INV,10/28/2024,10/28/2024,98.39,106.56,98.39,8.17,0.00,0.00,10/28/2024,D,KPS POOLS LLC,705 E OXFORD DR,,,TEMPE,AZ,85283-1962,,10/28/2024,PRIORITY PICK,PP - 100% PREPAYMENT PICK-UP,4,2.35,,P,0.00,No Preferred Carrier,2,LAS-56-4206,437-292 10/BX 2.5&quot;SPGx2&quot;S,SCH40 PVC REDUCER BUSHING,EA,3.27,6.54,ND371838,2,0,2,0.40,512A,PRIORITY PICK,
ND371838,ND304037,SHAWN,INV,10/28/2024,10/28/2024,98.39,106.56,98.39,8.17,0.00,0.00,10/28/2024,D,KPS POOLS LLC,705 E OXFORD DR,,,TEMPE,AZ,85283-1962,,10/28/2024,PRIORITY PICK,PP - 100% PREPAYMENT PICK-UP,4,2.35,,P,0.00,No Preferred Carrier,1,IPS-60-728,13556 12/CS PT 744 CLEAR,POOL MEDIUM MB PVC CEMENT,CAN,19.28,19.28,ND371838,3,0,1,1.20,512A,PRIORITY PICK,
ND371838,ND304037,SHAWN,INV,10/28/2024,10/28/2024,98.39,106.56,98.39,8.17,0.00,0.00,10/28/2024,D,KPS POOLS LLC,705 E OXFORD DR,,,TEMPE,AZ,85283-1962,,10/28/2024,PRIORITY PICK,PP - 100% PREPAYMENT PICK-UP,4,2.35,,P,0.00,No Preferred Carrier,0,CP,MSDS Sheet 174,"Rev#    Date:05/03/11 Bin:   ",,0.00,0.00,ND371838,4,0,0,0.00,512A,PRIORITY PICK,
ND371838,ND304037,SHAWN,INV,10/28/2024,10/28/2024,98.39,106.56,98.39,8.17,0.00,0.00,10/28/2024,D,KPS POOLS LLC,705 E OXFORD DR,,,TEMPE,AZ,85283-1962,,10/28/2024,PRIORITY PICK,PP - 100% PREPAYMENT PICK-UP,4,2.35,,P,0.00,No Preferred Carrier,1,AMP-101-1102,351157 1.5&quot;S/2&quot;SPG SUPERFLO,SUPERMAX PUMP UNION KIT,EA,72.57,72.57,ND371838,5,0,1,0.75,512A,PRIORITY PICK,
ND371759,ND303964,SHAWN,INV,10/28/2024,10/28/2024,1118.42,0.00,1118.42,92.83,0.00,0.00,10/28/2024,D,KPS POOLS LLC,705 E OXFORD DR,,,TEMPE,AZ,85283-1962,,10/28/2024,PRIORITY PICK,PP - 100% PREPAYMENT PICK-UP,1,48,,P,0.00,,1,PUR-10-3105,011065 1.5HP 115/208-230V,"INTELLIFLO3 VSF ",EA,1118.42,1118.42,ND371759,1,0,1,48.00,512A,PRIORITY PICK,0332219240330W
ND371759,ND303964,SHAWN,INV,10/28/2024,10/28/2024,1118.42,0.00,1118.42,92.83,0.00,0.00,10/28/2024,D,KPS POOLS LLC,705 E OXFORD DR,,,TEMPE,AZ,85283-1962,,10/28/2024,PRIORITY PICK,PP - 100% PREPAYMENT PICK-UP,1,48,,P,0.00,,0,C,BAY 2,,,0.00,0.00,ND371759,2,0,0,0.00,512A,PRIORITY PICK,
ND371643,ND303869,JEREMIAH,INV,10/28/2024,10/28/2024,1146.40,0.00,1146.40,95.15,0.00,0.00,10/28/2024,D,KPS POOLS LLC,705 E OXFORD DR,,,TEMPE,AZ,85283-1962,,10/28/2024,PRIORITY PICK,PP - 100% PREPAYMENT PICK-UP,11,81.08,,P,0.00,,1,IPS-60-631,10209 12/CS QT,CLEAR PVC PRIMER,CAN,21.65,21.65,ND371643,1,0,1,2.08,512A,PRIORITY PICK,
ND371643,ND303869,JEREMIAH,INV,10/28/2024,10/28/2024,1146.40,0.00,1146.40,95.15,0.00,0.00,10/28/2024,D,KPS POOLS LLC,705 E OXFORD DR,,,TEMPE,AZ,85283-1962,,10/28/2024,PRIORITY PICK,PP - 100% PREPAYMENT PICK-UP,11,81.08,,P,0.00,,0,CP,MSDS Sheet 174,"Rev#    Date:05/03/11 Bin:   ",,0.00,0.00,ND371643,2,0,0,0.00,512A,PRIORITY PICK,
ND371643,ND303869,JEREMIAH,INV,10/28/2024,10/28/2024,1146.40,0.00,1146.40,95.15,0.00,0.00,10/28/2024,D,KPS POOLS LLC,705 E OXFORD DR,,,TEMPE,AZ,85283-1962,,10/28/2024,PRIORITY PICK,PP - 100% PREPAYMENT PICK-UP,11,81.08,,P,0.00,,1,IPS-60-728,13556 12/CS PT 744 CLEAR,POOL MEDIUM MB PVC CEMENT,CAN,19.28,19.28,ND371643,3,0,1,1.20,512A,PRIORITY PICK,
ND371643,ND303869,JEREMIAH,INV,10/28/2024,10/28/2024,1146.40,0.00,1146.40,95.15,0.00,0.00,10/28/2024,D,KPS POOLS LLC,705 E OXFORD DR,,,TEMPE,AZ,85283-1962,,10/28/2024,PRIORITY PICK,PP - 100% PREPAYMENT PICK-UP,11,81.08,,P,0.00,,0,CP,MSDS Sheet 174,"Rev#    Date:05/03/11 Bin:   ",,0.00,0.00,ND371643,4,0,0,0.00,512A,PRIORITY PICK,
ND371643,ND303869,JEREMIAH,INV,10/28/2024,10/28/2024,1146.40,0.00,1146.40,95.15,0.00,0.00,10/28/2024,D,KPS POOLS LLC,705 E OXFORD DR,,,TEMPE,AZ,85283-1962,,10/28/2024,PRIORITY PICK,PP - 100% PREPAYMENT PICK-UP,11,81.08,,P,0.00,,1,PAC-05-506,160301 420SQF CLEAN & CLEAR,PLUS CARTRIDGE FILTER,EA,1089.75,1089.75,ND371643,5,0,1,75.00,512A,PRIORITY PICK,0196169240053V
ND371643,ND303869,JEREMIAH,INV,10/28/2024,10/28/2024,1146.40,0.00,1146.40,95.15,0.00,0.00,10/28/2024,D,KPS POOLS LLC,705 E OXFORD DR,,,TEMPE,AZ,85283-1962,,10/28/2024,PRIORITY PICK,PP - 100% PREPAYMENT PICK-UP,11,81.08,,P,0.00,,0,C,BAY 2,,,0.00,0.00,ND371643,6,0,0,0.00,512A,PRIORITY PICK,
ND371643,ND303869,JEREMIAH,INV,10/28/2024,10/28/2024,1146.40,0.00,1146.40,95.15,0.00,0.00,10/28/2024,D,KPS POOLS LLC,705 E OXFORD DR,,,TEMPE,AZ,85283-1962,,10/28/2024,PRIORITY PICK,PP - 100% PREPAYMENT PICK-UP,11,81.08,,P,0.00,,4,LAS-56-4063,406-020 25/BX 2&quot;S,SCH40 PVC 90^ ELL,EA,2.32,9.28,ND371643,7,0,4,2.00,512A,PRIORITY PICK,
ND371643,ND303869,JEREMIAH,INV,10/28/2024,10/28/2024,1146.40,0.00,1146.40,95.15,0.00,0.00,10/28/2024,D,KPS POOLS LLC,705 E OXFORD DR,,,TEMPE,AZ,85283-1962,,10/28/2024,PRIORITY PICK,PP - 100% PREPAYMENT PICK-UP,11,81.08,,P,0.00,,4,LAS-56-4080,429-020 25/BX 2&quot;S,SCH40 PVC COUPLING,EA,1.61,6.44,ND371643,8,0,4,0.80,512A,PRIORITY PICK,
SD020261,SD019010,SANDY,INV,10/25/2024,10/25/2024,550.04,0.00,550.04,45.65,0.00,0.00,10/25/2024,D,KPS POOLS LLC,705 E OXFORD DR,,,TEMPE,AZ,85283-1962,,10/25/2024,PRIORITY PICK,PP - 100% PREPAYMENT PICK-UP,8,197.7,,P,0.00,,2,EZC-50-7210,47247400 4/CS 144/PLT E-Z CLOR,10# ALKALINITY UP POUCH,BAG,11.45,22.90,SD020261,1,0,2,20.40,644,PRIORITY PICK,
SD020261,SD019010,SANDY,INV,10/25/2024,10/25/2024,550.04,0.00,550.04,45.65,0.00,0.00,10/25/2024,D,KPS POOLS LLC,705 E OXFORD DR,,,TEMPE,AZ,85283-1962,,10/25/2024,PRIORITY PICK,PP - 100% PREPAYMENT PICK-UP,8,197.7,,P,0.00,,0,CP,MSDS Sheet 38,"Rev#    Date:02/28/12 Bin:   ",,0.00,0.00,SD020261,2,0,0,0.00,644,PRIORITY PICK,
SD020261,SD019010,SANDY,INV,10/25/2024,10/25/2024,550.04,0.00,550.04,45.65,0.00,0.00,10/25/2024,D,KPS POOLS LLC,705 E OXFORD DR,,,TEMPE,AZ,85283-1962,,10/25/2024,PRIORITY PICK,PP - 100% PREPAYMENT PICK-UP,8,197.7,,P,0.00,,3,EZC-50-7105,47247360 8/CS 384/PLT E-Z CLOR,5# PH UP POUCH,BAG,5.14,15.42,SD020261,3,0,3,15.30,644,PRIORITY PICK,
SD020261,SD019010,SANDY,INV,10/25/2024,10/25/2024,550.04,0.00,550.04,45.65,0.00,0.00,10/25/2024,D,KPS POOLS LLC,705 E OXFORD DR,,,TEMPE,AZ,85283-1962,,10/25/2024,PRIORITY PICK,PP - 100% PREPAYMENT PICK-UP,8,197.7,,P,0.00,,0,CP,MSDS Sheet 38,"Rev#    Date:02/28/12 Bin:   ",,0.00,0.00,SD020261,4,0,0,0.00,644,PRIORITY PICK,
SD020261,SD019010,SANDY,INV,10/25/2024,10/25/2024,550.04,0.00,550.04,45.65,0.00,0.00,10/25/2024,D,KPS POOLS LLC,705 E OXFORD DR,,,TEMPE,AZ,85283-1962,,10/25/2024,PRIORITY PICK,PP - 100% PREPAYMENT PICK-UP,8,197.7,,P,0.00,,2,EZC-50-3550,47247040 24/PLT E-Z CLOR,50# 3&quot; 8OZ BIG TABS (UW),PL,155.00,310.00,SD020261,5,0,2,108.00,644,PRIORITY PICK,
SD020261,SD019010,SANDY,INV,10/25/2024,10/25/2024,550.04,0.00,550.04,45.65,0.00,0.00,10/25/2024,D,KPS POOLS LLC,705 E OXFORD DR,,,TEMPE,AZ,85283-1962,,10/25/2024,PRIORITY PICK,PP - 100% PREPAYMENT PICK-UP,8,197.7,,P,0.00,,0,CP,MSDS Sheet 01,"Rev#001 Date:06/16/00 Bin:   ",,0.00,0.00,SD020261,6,0,0,0.00,644,PRIORITY PICK,
SD020261,SD019010,SANDY,INV,10/25/2024,10/25/2024,550.04,0.00,550.04,45.65,0.00,0.00,10/25/2024,D,KPS POOLS LLC,705 E OXFORD DR,,,TEMPE,AZ,85283-1962,,10/25/2024,PRIORITY PICK,PP - 100% PREPAYMENT PICK-UP,8,197.7,,P,0.00,,1,EZC-50-2550,47246250 E-Z CLOR,50# QUICK DISSOLVE DICHLOR,PL,201.72,201.72,SD020261,7,0,1,54.00,644,PRIORITY PICK,
SD020261,SD019010,SANDY,INV,10/25/2024,10/25/2024,550.04,0.00,550.04,45.65,0.00,0.00,10/25/2024,D,KPS POOLS LLC,705 E OXFORD DR,,,TEMPE,AZ,85283-1962,,10/25/2024,PRIORITY PICK,PP - 100% PREPAYMENT PICK-UP,8,197.7,,P,0.00,,0,CP,MSDS Sheet 38,"Rev#    Date:02/28/12 Bin:   ",,0.00,0.00,SD020261,8,0,0,0.00,644,PRIORITY PICK,
81296784,81338578,ALEX,INV,10/25/2024,10/25/2024,185.44,0.00,185.44,13.68,0.00,0.00,10/25/2024,D,KPS POOLS LLC,705 E OXFORD DR,,,TEMPE,AZ,85283-1962,,10/25/2024,PRIORITY PICK,PP - 100% PREPAYMENT PICK-UP,7,101.05,,P,0.00,,4,HAS-50-126,BT GAL,BOTTLE DEPOSIT,EA,1.00,4.00,81296784,1,0,4,1.60,81,PRIORITY PICK,
81296784,81338578,ALEX,INV,10/25/2024,10/25/2024,185.44,0.00,185.44,13.68,0.00,0.00,10/25/2024,D,KPS POOLS LLC,705 E OXFORD DR,,,TEMPE,AZ,85283-1962,,10/25/2024,PRIORITY PICK,PP - 100% PREPAYMENT PICK-UP,7,101.05,,P,0.00,,1,HAS-50-132,SHELL,DEPOSIT SHELL/ CHEMICAL CASE,EA,6.00,6.00,81296784,2,0,1,2.85,81,PRIORITY PICK,
81296784,81338578,ALEX,INV,10/25/2024,10/25/2024,185.44,0.00,185.44,13.68,0.00,0.00,10/25/2024,D,KPS POOLS LLC,705 E OXFORD DR,,,TEMPE,AZ,85283-1962,,10/25/2024,PRIORITY PICK,PP - 100% PREPAYMENT PICK-UP,7,101.05,,P,0.00,,1,HAS-50-136,01041 4/CS,GAL REFILLABLE SANI-CHLOR,CS,20.44,20.44,81296784,3,0,1,42.60,81,PRIORITY PICK,
81296784,81338578,ALEX,INV,10/25/2024,10/25/2024,185.44,0.00,185.44,13.68,0.00,0.00,10/25/2024,D,KPS POOLS LLC,705 E OXFORD DR,,,TEMPE,AZ,85283-1962,,10/25/2024,PRIORITY PICK,PP - 100% PREPAYMENT PICK-UP,7,101.05,,P,0.00,,0,CP,MSDS Sheet 174,"Rev#    Date:05/03/11 Bin:   ",,0.00,0.00,81296784,4,0,0,0.00,81,PRIORITY PICK,
81296784,81338578,ALEX,INV,10/25/2024,10/25/2024,185.44,0.00,185.44,13.68,0.00,0.00,10/25/2024,D,KPS POOLS LLC,705 E OXFORD DR,,,TEMPE,AZ,85283-1962,,10/25/2024,PRIORITY PICK,PP - 100% PREPAYMENT PICK-UP,7,101.05,,P,0.00,,0,C,NO EMPTIES,,,0.00,0.00,81296784,5,0,0,0.00,81,PRIORITY PICK,
81296784,81338578,ALEX,INV,10/25/2024,10/25/2024,185.44,0.00,185.44,13.68,0.00,0.00,10/25/2024,D,KPS POOLS LLC,705 E OXFORD DR,,,TEMPE,AZ,85283-1962,,10/25/2024,PRIORITY PICK,PP - 100% PREPAYMENT PICK-UP,7,101.05,,P,0.00,,1,EZC-50-3550,47247040 24/PLT E-Z CLOR,50# 3&quot; 8OZ BIG TABS (UW),PL,155.00,155.00,81296784,6,0,1,54.00,81,PRIORITY PICK,
81296784,81338578,ALEX,INV,10/25/2024,10/25/2024,185.44,0.00,185.44,13.68,0.00,0.00,10/25/2024,D,KPS POOLS LLC,705 E OXFORD DR,,,TEMPE,AZ,85283-1962,,10/25/2024,PRIORITY PICK,PP - 100% PREPAYMENT PICK-UP,7,101.05,,P,0.00,,0,CP,MSDS Sheet 01,"Rev#001 Date:06/16/00 Bin:   ",,0.00,0.00,81296784,7,0,0,0.00,81,PRIORITY PICK,
81296706,81338493,BLAKE,INV,10/24/2024,10/24/2024,330.16,0.00,330.16,25.75,0.00,0.00,10/24/2024,D,KPS POOLS LLC,705 E OXFORD DR,,,TEMPE,AZ,85283-1962,,10/24/2024,PRIORITY PICK,PP - 100% PREPAYMENT PICK-UP,7,237.85,,P,0.00,,1,EZC-50-7007,47247520 8/CS 384/PLT E-Z CLOR,6# PH DOWN POUCH,BAG,9.25,9.25,81296706,1,0,1,6.10,81,PRIORITY PICK,
81296706,81338493,BLAKE,INV,10/24/2024,10/24/2024,330.16,0.00,330.16,25.75,0.00,0.00,10/24/2024,D,KPS POOLS LLC,705 E OXFORD DR,,,TEMPE,AZ,85283-1962,,10/24/2024,PRIORITY PICK,PP - 100% PREPAYMENT PICK-UP,7,237.85,,P,0.00,,0,CP,MSDS Sheet 38,"Rev#    Date:02/28/12 Bin:   ",,0.00,0.00,81296706,2,0,0,0.00,81,PRIORITY PICK,
81296706,81338493,BLAKE,INV,10/24/2024,10/24/2024,330.16,0.00,330.16,25.75,0.00,0.00,10/24/2024,D,KPS POOLS LLC,705 E OXFORD DR,,,TEMPE,AZ,85283-1962,,10/24/2024,PRIORITY PICK,PP - 100% PREPAYMENT PICK-UP,7,237.85,,P,0.00,,1,NAT-50-3008,20501PRO GAL 4/CS,PRO SERIES PHOSPHATE REMOVER,BTL,68.95,68.95,81296706,3,0,1,10.15,81,PRIORITY PICK,
81296706,81338493,BLAKE,INV,10/24/2024,10/24/2024,330.16,0.00,330.16,25.75,0.00,0.00,10/24/2024,D,KPS POOLS LLC,705 E OXFORD DR,,,TEMPE,AZ,85283-1962,,10/24/2024,PRIORITY PICK,PP - 100% PREPAYMENT PICK-UP,7,237.85,,P,0.00,,0,CP,MSDS Sheet 38,"Rev#    Date:02/28/12 Bin:   ",,0.00,0.00,81296706,4,0,0,0.00,81,PRIORITY PICK,
81296706,81338493,BLAKE,INV,10/24/2024,10/24/2024,330.16,0.00,330.16,25.75,0.00,0.00,10/24/2024,D,KPS POOLS LLC,705 E OXFORD DR,,,TEMPE,AZ,85283-1962,,10/24/2024,PRIORITY PICK,PP - 100% PREPAYMENT PICK-UP,7,237.85,,P,0.00,,1,EZC-50-3550,47247040 24/PLT E-Z CLOR,50# 3&quot; 8OZ BIG TABS (UW),PL,155.00,155.00,81296706,5,0,1,54.00,81,PRIORITY PICK,
81296706,81338493,BLAKE,INV,10/24/2024,10/24/2024,330.16,0.00,330.16,25.75,0.00,0.00,10/24/2024,D,KPS POOLS LLC,705 E OXFORD DR,,,TEMPE,AZ,85283-1962,,10/24/2024,PRIORITY PICK,PP - 100% PREPAYMENT PICK-UP,7,237.85,,P,0.00,,0,CP,MSDS Sheet 01,"Rev#001 Date:06/16/00 Bin:   ",,0.00,0.00,81296706,6,0,0,0.00,81,PRIORITY PICK,
81296706,81338493,BLAKE,INV,10/24/2024,10/24/2024,330.16,0.00,330.16,25.75,0.00,0.00,10/24/2024,D,KPS POOLS LLC,705 E OXFORD DR,,,TEMPE,AZ,85283-1962,,10/24/2024,PRIORITY PICK,PP - 100% PREPAYMENT PICK-UP,7,237.85,,P,0.00,,2,HAS-50-135,15041 4/CS,GAL REFILLABLE MURIATIC ACID,CS,28.04,56.08,81296706,7,0,2,82.40,81,PRIORITY PICK,
81296706,81338493,BLAKE,INV,10/24/2024,10/24/2024,330.16,0.00,330.16,25.75,0.00,0.00,10/24/2024,D,KPS POOLS LLC,705 E OXFORD DR,,,TEMPE,AZ,85283-1962,,10/24/2024,PRIORITY PICK,PP - 100% PREPAYMENT PICK-UP,7,237.85,,P,0.00,,0,CP,MSDS Sheet 8A,"Rev#  1 Date:         Bin:   ",,0.00,0.00,81296706,8,0,0,0.00,81,PRIORITY PICK,
81296706,81338493,BLAKE,INV,10/24/2024,10/24/2024,330.16,0.00,330.16,25.75,0.00,0.00,10/24/2024,D,KPS POOLS LLC,705 E OXFORD DR,,,TEMPE,AZ,85283-1962,,10/24/2024,PRIORITY PICK,PP - 100% PREPAYMENT PICK-UP,7,237.85,,P,0.00,,2,HAS-50-136,01041 4/CS,GAL REFILLABLE SANI-CHLOR,CS,20.44,40.88,81296706,9,0,2,85.20,81,PRIORITY PICK,
81296706,81338493,BLAKE,INV,10/24/2024,10/24/2024,330.16,0.00,330.16,25.75,0.00,0.00,10/24/2024,D,KPS POOLS LLC,705 E OXFORD DR,,,TEMPE,AZ,85283-1962,,10/24/2024,PRIORITY PICK,PP - 100% PREPAYMENT PICK-UP,7,237.85,,P,0.00,,0,CP,MSDS Sheet 174,"Rev#    Date:05/03/11 Bin:   ",,0.00,0.00,81296706,10,0,0,0.00,81,PRIORITY PICK,
81296706,81338493,BLAKE,INV,10/24/2024,10/24/2024,330.16,0.00,330.16,25.75,0.00,0.00,10/24/2024,D,KPS POOLS LLC,705 E OXFORD DR,,,TEMPE,AZ,85283-1962,,10/24/2024,PRIORITY PICK,PP - 100% PREPAYMENT PICK-UP,7,237.85,,P,0.00,,0,C,EVEN X,,,0.00,0.00,81296706,11,0,0,0.00,81,PRIORITY PICK,
DC239109,DC196891,,INV,10/24/2024,10/24/2024,216.32,0.00,216.32,17.52,0.00,0.00,10/24/2024,D,KPS POOLS LLC,705 E OXFORD DR,,,TEMPE,AZ,85283-1962,,10/24/2024,PRIORITY PICK,PP - 100% PREPAYMENT PICK-UP,4,181.8,,P,0.00,,3,HAS-50-136,01041 4/CS,GAL REFILLABLE SANI-CHLOR,CS,20.44,61.32,DC239109,1,0,3,127.80,214,PRIORITY PICK,
DC239109,DC196891,,INV,10/24/2024,10/24/2024,216.32,0.00,216.32,17.52,0.00,0.00,10/24/2024,D,KPS POOLS LLC,705 E OXFORD DR,,,TEMPE,AZ,85283-1962,,10/24/2024,PRIORITY PICK,PP - 100% PREPAYMENT PICK-UP,4,181.8,,P,0.00,,0,CP,MSDS Sheet 174,"Rev#    Date:05/03/11 Bin:   ",,0.00,0.00,DC239109,2,0,0,0.00,214,PRIORITY PICK,
DC239109,DC196891,,INV,10/24/2024,10/24/2024,216.32,0.00,216.32,17.52,0.00,0.00,10/24/2024,D,KPS POOLS LLC,705 E OXFORD DR,,,TEMPE,AZ,85283-1962,,10/24/2024,PRIORITY PICK,PP - 100% PREPAYMENT PICK-UP,4,181.8,,P,0.00,,1,EZC-50-3550,47247040 24/PLT E-Z CLOR,50# 3&quot; 8OZ BIG TABS (UW),PL,155.00,155.00,DC239109,3,0,1,54.00,214,PRIORITY PICK,
DC239109,DC196891,,INV,10/24/2024,10/24/2024,216.32,0.00,216.32,17.52,0.00,0.00,10/24/2024,D,KPS POOLS LLC,705 E OXFORD DR,,,TEMPE,AZ,85283-1962,,10/24/2024,PRIORITY PICK,PP - 100% PREPAYMENT PICK-UP,4,181.8,,P,0.00,,0,CP,MSDS Sheet 01,"Rev#001 Date:06/16/00 Bin:   ",,0.00,0.00,DC239109,4,0,0,0.00,214,PRIORITY PICK,
DC239108,DC196890,,INV,10/24/2024,10/24/2024,101.63,109.86,101.63,8.23,0.00,0.00,10/24/2024,D,KPS POOLS LLC,705 E OXFORD DR,,,TEMPE,AZ,85283-1962,,10/24/2024,PRIORITY PICK,PP - 100% PREPAYMENT PICK-UP,9,2.58,,P,0.00,No Preferred Carrier,1,PSL-45-5005,PS690 12/CS BLUE/WHITE DELUXE,FLOATING CHEMICAL FEEDER,EA,9.10,9.10,DC239108,1,0,1,0.60,214,PRIORITY PICK,
DC239108,DC196890,,INV,10/24/2024,10/24/2024,101.63,109.86,101.63,8.23,0.00,0.00,10/24/2024,D,KPS POOLS LLC,705 E OXFORD DR,,,TEMPE,AZ,85283-1962,,10/24/2024,PRIORITY PICK,PP - 100% PREPAYMENT PICK-UP,9,2.58,,P,0.00,No Preferred Carrier,1,SDC-201-0003,SW-61-143 HAYWARD STYLE,CLEANER TIRES W/HUMPS,EA,18.00,18.00,DC239108,2,0,1,0.63,214,PRIORITY PICK,
DC239108,DC196890,,INV,10/24/2024,10/24/2024,101.63,109.86,101.63,8.23,0.00,0.00,10/24/2024,D,KPS POOLS LLC,705 E OXFORD DR,,,TEMPE,AZ,85283-1962,,10/24/2024,PRIORITY PICK,PP - 100% PREPAYMENT PICK-UP,9,2.58,,P,0.00,No Preferred Carrier,2,SPG-601-1207,O-465-9 JHP TRAP LID/,SUPERFLO BRACKET ORING,EA,7.46,14.92,DC239108,4,0,2,0.04,214,PRIORITY PICK,
DC239108,DC196890,,INV,10/24/2024,10/24/2024,101.63,109.86,101.63,8.23,0.00,0.00,10/24/2024,D,KPS POOLS LLC,705 E OXFORD DR,,,TEMPE,AZ,85283-1962,,10/24/2024,PRIORITY PICK,PP - 100% PREPAYMENT PICK-UP,9,2.58,,P,0.00,No Preferred Carrier,1,SPG-601-1256,O-513KIT-9,PISTON ORING KIT 2&quot; AP/PF,EA,3.93,3.93,DC239108,5,0,1,0.05,214,PRIORITY PICK,
DC239108,DC196890,,INV,10/24/2024,10/24/2024,101.63,109.86,101.63,8.23,0.00,0.00,10/24/2024,D,KPS POOLS LLC,705 E OXFORD DR,,,TEMPE,AZ,85283-1962,,10/24/2024,PRIORITY PICK,PP - 100% PREPAYMENT PICK-UP,9,2.58,,P,0.00,No Preferred Carrier,2,PAC-101-1036,355030Z CHALLENGER/ SUPERFLO/,SUPERMAX DIFFUSER ORING,EA,9.26,18.52,DC239108,6,0,2,0.06,214,PRIORITY PICK,
DC239108,DC196890,,INV,10/24/2024,10/24/2024,101.63,109.86,101.63,8.23,0.00,0.00,10/24/2024,D,KPS POOLS LLC,705 E OXFORD DR,,,TEMPE,AZ,85283-1962,,10/24/2024,PRIORITY PICK,PP - 100% PREPAYMENT PICK-UP,9,2.58,,P,0.00,No Preferred Carrier,1,HAY-101-3203,SPX3200M,TRISTAR STRAINER BASKET,EA,22.74,22.74,DC239108,7,0,1,1.00,214,PRIORITY PICK,
DC239108,DC196890,,INV,10/24/2024,10/24/2024,101.63,109.86,101.63,8.23,0.00,0.00,10/24/2024,D,KPS POOLS LLC,705 E OXFORD DR,,,TEMPE,AZ,85283-1962,,10/24/2024,PRIORITY PICK,PP - 100% PREPAYMENT PICK-UP,9,2.58,,P,0.00,No Preferred Carrier,1,SPG-601-0199,B-199 WHISPERFLO,STRAINER BASKET,EA,14.42,14.42,DC239108,8,0,1,0.20,214,PRIORITY PICK,
ND370665,ND303086,SHAWN,INV,10/22/2024,10/22/2024,181.94,0.00,181.94,15.10,0.00,0.00,10/22/2024,D,KPS POOLS LLC,705 E OXFORD DR,,,TEMPE,AZ,85283-1962,,10/22/2024,PRIORITY PICK,PP - 100% PREPAYMENT PICK-UP,2,54.75,,P,0.00,,1,EZC-50-3550,47247040 24/PLT E-Z CLOR,50# 3&quot; 8OZ BIG TABS (UW),PL,155.00,155.00,ND370665,1,0,1,54.00,512A,PRIORITY PICK,
ND370665,ND303086,SHAWN,INV,10/22/2024,10/22/2024,181.94,0.00,181.94,15.10,0.00,0.00,10/22/2024,D,KPS POOLS LLC,705 E OXFORD DR,,,TEMPE,AZ,85283-1962,,10/22/2024,PRIORITY PICK,PP - 100% PREPAYMENT PICK-UP,2,54.75,,P,0.00,,0,CP,MSDS Sheet 01,"Rev#001 Date:06/16/00 Bin:   ",,0.00,0.00,ND370665,2,0,0,0.00,512A,PRIORITY PICK,
ND370665,ND303086,SHAWN,INV,10/22/2024,10/22/2024,181.94,0.00,181.94,15.10,0.00,0.00,10/22/2024,D,KPS POOLS LLC,705 E OXFORD DR,,,TEMPE,AZ,85283-1962,,10/22/2024,PRIORITY PICK,PP - 100% PREPAYMENT PICK-UP,2,54.75,,P,0.00,,0,C,BAY 2,,,0.00,0.00,ND370665,3,0,0,0.00,512A,PRIORITY PICK,
ND370665,ND303086,SHAWN,INV,10/22/2024,10/22/2024,181.94,0.00,181.94,15.10,0.00,0.00,10/22/2024,D,KPS POOLS LLC,705 E OXFORD DR,,,TEMPE,AZ,85283-1962,,10/22/2024,PRIORITY PICK,PP - 100% PREPAYMENT PICK-UP,2,54.75,,P,0.00,,1,PSL-40-0432,PS170 DELUXE SERIES,18&quot; ALUM BACK COMBO BRUSH,EA,26.94,26.94,ND370665,4,0,1,0.75,512A,PRIORITY PICK,
DC238893,DC196711,JAMIE,INV,10/22/2024,10/22/2024,29.61,32.01,29.61,2.40,0.00,0.00,10/22/2024,D,KPS POOLS LLC,705 E OXFORD DR,,,TEMPE,AZ,85283-1962,,10/22/2024,PRIORITY PICK,PP - 100% PREPAYMENT PICK-UP,3,0.45,,P,0.00,No Preferred Carrier,1,TAY-45-1019,R-0004-C 12/BX,2OZ PH INDICATOR SOLUTION,EA,6.50,6.50,DC238893,1,0,1,0.15,214,PRIORITY PICK,
DC238893,DC196711,JAMIE,INV,10/22/2024,10/22/2024,29.61,32.01,29.61,2.40,0.00,0.00,10/22/2024,D,KPS POOLS LLC,705 E OXFORD DR,,,TEMPE,AZ,85283-1962,,10/22/2024,PRIORITY PICK,PP - 100% PREPAYMENT PICK-UP,3,0.45,,P,0.00,No Preferred Carrier,1,TAY-45-1003,R-0002-C 12/BX,2OZ #2 DPD REAGENT,EA,11.57,11.57,DC238893,2,0,1,0.15,214,PRIORITY PICK,
DC238893,DC196711,JAMIE,INV,10/22/2024,10/22/2024,29.61,32.01,29.61,2.40,0.00,0.00,10/22/2024,D,KPS POOLS LLC,705 E OXFORD DR,,,TEMPE,AZ,85283-1962,,10/22/2024,PRIORITY PICK,PP - 100% PREPAYMENT PICK-UP,3,0.45,,P,0.00,No Preferred Carrier,1,TAY-45-1002,R-0001-C 12/BX,2OZ #1 DPD REAGENT,EA,11.54,11.54,DC238893,3,0,1,0.15,214,PRIORITY PICK,
P5511020,P5440406,JEREMIAH,INV,10/21/2024,10/21/2024,45.42,48.96,45.42,3.54,0.00,0.00,10/21/2024,D,KPS POOLS LLC,705 E OXFORD DR,,,TEMPE,AZ,85283-1962,,10/21/2024,PRIORITY PICK,PP - 100% PREPAYMENT PICK-UP,3,2.29,,P,0.00,No Preferred Carrier,1,IPS-60-1039,10211 12/CS P-68 PT,CLEAR PRIMER,CAN,15.44,15.44,P5511020,1,0,1,1.05,537A,PRIORITY PICK,
P5511020,P5440406,JEREMIAH,INV,10/21/2024,10/21/2024,45.42,48.96,45.42,3.54,0.00,0.00,10/21/2024,D,KPS POOLS LLC,705 E OXFORD DR,,,TEMPE,AZ,85283-1962,,10/21/2024,PRIORITY PICK,PP - 100% PREPAYMENT PICK-UP,3,2.29,,P,0.00,No Preferred Carrier,1,IPS-60-740,13568 12/CS PT 746 GRY,POOL HEAVY HB PVC CEMENT,CAN,18.47,18.47,P5511020,3,0,1,1.20,537A,PRIORITY PICK,
P5511020,P5440406,JEREMIAH,INV,10/21/2024,10/21/2024,45.42,48.96,45.42,3.54,0.00,0.00,10/21/2024,D,KPS POOLS LLC,705 E OXFORD DR,,,TEMPE,AZ,85283-1962,,10/21/2024,PRIORITY PICK,PP - 100% PREPAYMENT PICK-UP,3,2.29,,P,0.00,No Preferred Carrier,1,HAY-101-2067,SPX3000T SUPER II,HOUSING GASKET,EA,11.51,11.51,P5511020,5,0,1,0.04,537A,PRIORITY PICK,
81296206,81338016,JERAMIAH,INV,10/18/2024,10/18/2024,15.14,0.00,15.14,1.18,0.00,0.00,10/18/2024,D,KPS POOLS LLC,705 E OXFORD DR,,,TEMPE,AZ,85283-1962,,10/18/2024,PRIORITY PICK,PP - 100% PREPAYMENT PICK-UP,1,23.4,,P,0.00,,1,AAA-06-241,CELAPOOL 24#,DIATOMAECOUS EARTH DE POLYBAG,BAG,15.14,15.14,81296206,1,0,1,23.40,81,PRIORITY PICK,
DC238663,DC196531,JAMIE,INV,10/18/2024,10/18/2024,241.39,0.00,241.39,19.55,0.00,0.00,10/18/2024,D,KPS POOLS LLC,705 E OXFORD DR,,,TEMPE,AZ,85283-1962,,10/18/2024,PRIORITY PICK,PP - 100% PREPAYMENT PICK-UP,6,140.33,,P,0.00,,1,EZC-50-3550,47247040 24/PLT E-Z CLOR,50# 3&quot; 8OZ BIG TABS (UW),PL,155.00,155.00,DC238663,1,0,1,54.00,214,PRIORITY PICK,
DC238663,DC196531,JAMIE,INV,10/18/2024,10/18/2024,241.39,0.00,241.39,19.55,0.00,0.00,10/18/2024,D,KPS POOLS LLC,705 E OXFORD DR,,,TEMPE,AZ,85283-1962,,10/18/2024,PRIORITY PICK,PP - 100% PREPAYMENT PICK-UP,6,140.33,,P,0.00,,0,CP,MSDS Sheet 01,"Rev#001 Date:06/16/00 Bin:   ",,0.00,0.00,DC238663,2,0,0,0.00,214,PRIORITY PICK,
DC238663,DC196531,JAMIE,INV,10/18/2024,10/18/2024,241.39,0.00,241.39,19.55,0.00,0.00,10/18/2024,D,KPS POOLS LLC,705 E OXFORD DR,,,TEMPE,AZ,85283-1962,,10/18/2024,PRIORITY PICK,PP - 100% PREPAYMENT PICK-UP,6,140.33,,P,0.00,,1,HAS-50-135,15041 4/CS,GAL REFILLABLE MURIATIC ACID,CS,28.04,28.04,DC238663,3,0,1,41.20,214,PRIORITY PICK,
DC238663,DC196531,JAMIE,INV,10/18/2024,10/18/2024,241.39,0.00,241.39,19.55,0.00,0.00,10/18/2024,D,KPS POOLS LLC,705 E OXFORD DR,,,TEMPE,AZ,85283-1962,,10/18/2024,PRIORITY PICK,PP - 100% PREPAYMENT PICK-UP,6,140.33,,P,0.00,,0,CP,MSDS Sheet 8A,"Rev#  1 Date:         Bin:   ",,0.00,0.00,DC238663,4,0,0,0.00,214,PRIORITY PICK,
DC238663,DC196531,JAMIE,INV,10/18/2024,10/18/2024,241.39,0.00,241.39,19.55,0.00,0.00,10/18/2024,D,KPS POOLS LLC,705 E OXFORD DR,,,TEMPE,AZ,85283-1962,,10/18/2024,PRIORITY PICK,PP - 100% PREPAYMENT PICK-UP,6,140.33,,P,0.00,,1,HAS-50-136,01041 4/CS,GAL REFILLABLE SANI-CHLOR,CS,20.44,20.44,DC238663,5,0,1,42.60,214,PRIORITY PICK,
DC238663,DC196531,JAMIE,INV,10/18/2024,10/18/2024,241.39,0.00,241.39,19.55,0.00,0.00,10/18/2024,D,KPS POOLS LLC,705 E OXFORD DR,,,TEMPE,AZ,85283-1962,,10/18/2024,PRIORITY PICK,PP - 100% PREPAYMENT PICK-UP,6,140.33,,P,0.00,,0,CP,MSDS Sheet 174,"Rev#    Date:05/03/11 Bin:   ",,0.00,0.00,DC238663,6,0,0,0.00,214,PRIORITY PICK,
DC238663,DC196531,JAMIE,INV,10/18/2024,10/18/2024,241.39,0.00,241.39,19.55,0.00,0.00,10/18/2024,D,KPS POOLS LLC,705 E OXFORD DR,,,TEMPE,AZ,85283-1962,,10/18/2024,PRIORITY PICK,PP - 100% PREPAYMENT PICK-UP,6,140.33,,P,0.00,,2,RAI-401-1006,R22001Z #170,DELRIN SPRING CLIP,EA,2.63,5.26,DC238663,7,0,2,0.08,214,PRIORITY PICK,
DC238663,DC196531,JAMIE,INV,10/18/2024,10/18/2024,241.39,0.00,241.39,19.55,0.00,0.00,10/18/2024,D,KPS POOLS LLC,705 E OXFORD DR,,,TEMPE,AZ,85283-1962,,10/18/2024,PRIORITY PICK,PP - 100% PREPAYMENT PICK-UP,6,140.33,,P,0.00,,1,APB-50-8022,406303A 12/CS,QT BLACK ALGAETRINE,BTL,32.65,32.65,DC238663,8,0,1,2.45,214,PRIORITY PICK,
DC238663,DC196531,JAMIE,INV,10/18/2024,10/18/2024,241.39,0.00,241.39,19.55,0.00,0.00,10/18/2024,D,KPS POOLS LLC,705 E OXFORD DR,,,TEMPE,AZ,85283-1962,,10/18/2024,PRIORITY PICK,PP - 100% PREPAYMENT PICK-UP,6,140.33,,P,0.00,,0,CP,MSDS Sheet 174,"Rev#    Date:05/03/11 Bin:   ",,0.00,0.00,DC238663,9,0,0,0.00,214,PRIORITY PICK,
DC238639,DC196511,,INV,10/17/2024,10/17/2024,155.00,0.00,155.00,12.56,0.00,0.00,10/17/2024,D,KPS POOLS LLC,705 E OXFORD DR,,,TEMPE,AZ,85283-1962,,10/17/2024,PRIORITY PICK,PP - 100% PREPAYMENT PICK-UP,1,54,,P,0.00,,1,EZC-50-3550,47247040 24/PLT E-Z CLOR,50# 3&quot; 8OZ BIG TABS (UW),PL,155.00,155.00,DC238639,1,0,1,54.00,214,PRIORITY PICK,
DC238639,DC196511,,INV,10/17/2024,10/17/2024,155.00,0.00,155.00,12.56,0.00,0.00,10/17/2024,D,KPS POOLS LLC,705 E OXFORD DR,,,TEMPE,AZ,85283-1962,,10/17/2024,PRIORITY PICK,PP - 100% PREPAYMENT PICK-UP,1,54,,P,0.00,,0,CP,MSDS Sheet 01,"Rev#001 Date:06/16/00 Bin:   ",,0.00,0.00,DC238639,2,0,0,0.00,214,PRIORITY PICK,
81296009,81337833,BLAKE,INV,10/17/2024,10/17/2024,118.90,128.17,118.90,9.27,0.00,0.00,10/17/2024,D,KPS POOLS LLC,705 E OXFORD DR,,,TEMPE,AZ,85283-1962,,10/17/2024,PRIORITY PICK,PP - 100% PREPAYMENT PICK-UP,2,20.15,,P,0.00,No Preferred Carrier,1,EZC-50-1083,47249370 4/CS 144/PLT EZ CLOR,GAL NATURAL CLARIFIER,GAL,49.95,49.95,81296009,1,0,1,10.00,81,PRIORITY PICK,
81296009,81337833,BLAKE,INV,10/17/2024,10/17/2024,118.90,128.17,118.90,9.27,0.00,0.00,10/17/2024,D,KPS POOLS LLC,705 E OXFORD DR,,,TEMPE,AZ,85283-1962,,10/17/2024,PRIORITY PICK,PP - 100% PREPAYMENT PICK-UP,2,20.15,,P,0.00,No Preferred Carrier,1,NAT-50-3008,20501PRO GAL 4/CS,PRO SERIES PHOSPHATE REMOVER,BTL,68.95,68.95,81296009,2,0,1,10.15,81,PRIORITY PICK,
81296009,81337833,BLAKE,INV,10/17/2024,10/17/2024,118.90,128.17,118.90,9.27,0.00,0.00,10/17/2024,D,KPS POOLS LLC,705 E OXFORD DR,,,TEMPE,AZ,85283-1962,,10/17/2024,PRIORITY PICK,PP - 100% PREPAYMENT PICK-UP,2,20.15,,P,0.00,No Preferred Carrier,0,CP,MSDS Sheet 38,"Rev#    Date:02/28/12 Bin:   ",,0.00,0.00,81296009,3,0,0,0.00,81,PRIORITY PICK,
ND369711,ND302245,JENNY,INV,10/16/2024,10/16/2024,215.00,0.00,215.00,17.85,0.00,0.00,10/16/2024,D,KPS POOLS LLC,705 E OXFORD DR,,,TEMPE,AZ,85283-1962,,10/16/2024,PRIORITY PICK,PP - 100% PREPAYMENT PICK-UP,2,65.2,,P,0.00,,1,EZC-50-3550,47247040 24/PLT E-Z CLOR,50# 3&quot; 8OZ BIG TABS (UW),PL,155.00,155.00,ND369711,1,0,1,54.00,512A,PRIORITY PICK,
ND369711,ND302245,JENNY,INV,10/16/2024,10/16/2024,215.00,0.00,215.00,17.85,0.00,0.00,10/16/2024,D,KPS POOLS LLC,705 E OXFORD DR,,,TEMPE,AZ,85283-1962,,10/16/2024,PRIORITY PICK,PP - 100% PREPAYMENT PICK-UP,2,65.2,,P,0.00,,0,CP,MSDS Sheet 01,"Rev#001 Date:06/16/00 Bin:   ",,0.00,0.00,ND369711,2,0,0,0.00,512A,PRIORITY PICK,
ND369711,ND302245,JENNY,INV,10/16/2024,10/16/2024,215.00,0.00,215.00,17.85,0.00,0.00,10/16/2024,D,KPS POOLS LLC,705 E OXFORD DR,,,TEMPE,AZ,85283-1962,,10/16/2024,PRIORITY PICK,PP - 100% PREPAYMENT PICK-UP,2,65.2,,P,0.00,,1,EZC-50-9210,47246720 4/CS 4/LYR E-Z CLOR,10# GRANULAR ALGAE OUT,PL,60.00,60.00,ND369711,3,0,1,11.20,512A,PRIORITY PICK,
ND369711,ND302245,JENNY,INV,10/16/2024,10/16/2024,215.00,0.00,215.00,17.85,0.00,0.00,10/16/2024,D,KPS POOLS LLC,705 E OXFORD DR,,,TEMPE,AZ,85283-1962,,10/16/2024,PRIORITY PICK,PP - 100% PREPAYMENT PICK-UP,2,65.2,,P,0.00,,0,CP,MSDS Sheet 01,"Rev#001 Date:06/16/00 Bin:   ",,0.00,0.00,ND369711,4,0,0,0.00,512A,PRIORITY PICK,
ND369711,ND302245,JENNY,INV,10/16/2024,10/16/2024,215.00,0.00,215.00,17.85,0.00,0.00,10/16/2024,D,KPS POOLS LLC,705 E OXFORD DR,,,TEMPE,AZ,85283-1962,,10/16/2024,PRIORITY PICK,PP - 100% PREPAYMENT PICK-UP,2,65.2,,P,0.00,,0,C,BAY 2,,,0.00,0.00,ND369711,5,0,0,0.00,512A,PRIORITY PICK,
DC238491,DC196391,,INV,10/16/2024,10/16/2024,254.58,0.00,254.58,20.62,0.00,0.00,10/16/2024,D,KPS POOLS LLC,705 E OXFORD DR,,,TEMPE,AZ,85283-1962,,10/16/2024,PRIORITY PICK,PP - 100% PREPAYMENT PICK-UP,3,107.55,,P,0.00,,1,APB-50-856,406104A 4/CS,GAL SWIMTRINE PLUS,BTL,79.14,79.14,DC238491,1,0,1,10.95,214,PRIORITY PICK,
DC238491,DC196391,,INV,10/16/2024,10/16/2024,254.58,0.00,254.58,20.62,0.00,0.00,10/16/2024,D,KPS POOLS LLC,705 E OXFORD DR,,,TEMPE,AZ,85283-1962,,10/16/2024,PRIORITY PICK,PP - 100% PREPAYMENT PICK-UP,3,107.55,,P,0.00,,0,CP,MSDS Sheet 174,"Rev#    Date:05/03/11 Bin:   ",,0.00,0.00,DC238491,2,0,0,0.00,214,PRIORITY PICK,
DC238491,DC196391,,INV,10/16/2024,10/16/2024,254.58,0.00,254.58,20.62,0.00,0.00,10/16/2024,D,KPS POOLS LLC,705 E OXFORD DR,,,TEMPE,AZ,85283-1962,,10/16/2024,PRIORITY PICK,PP - 100% PREPAYMENT PICK-UP,3,107.55,,P,0.00,,1,EZC-50-3550,47247040 24/PLT E-Z CLOR,50# 3&quot; 8OZ BIG TABS (UW),PL,155.00,155.00,DC238491,3,0,1,54.00,214,PRIORITY PICK,
DC238491,DC196391,,INV,10/16/2024,10/16/2024,254.58,0.00,254.58,20.62,0.00,0.00,10/16/2024,D,KPS POOLS LLC,705 E OXFORD DR,,,TEMPE,AZ,85283-1962,,10/16/2024,PRIORITY PICK,PP - 100% PREPAYMENT PICK-UP,3,107.55,,P,0.00,,0,CP,MSDS Sheet 01,"Rev#001 Date:06/16/00 Bin:   ",,0.00,0.00,DC238491,4,0,0,0.00,214,PRIORITY PICK,
DC238491,DC196391,,INV,10/16/2024,10/16/2024,254.58,0.00,254.58,20.62,0.00,0.00,10/16/2024,D,KPS POOLS LLC,705 E OXFORD DR,,,TEMPE,AZ,85283-1962,,10/16/2024,PRIORITY PICK,PP - 100% PREPAYMENT PICK-UP,3,107.55,,P,0.00,,1,HAS-50-136,01041 4/CS,GAL REFILLABLE SANI-CHLOR,CS,20.44,20.44,DC238491,5,0,1,42.60,214,PRIORITY PICK,
DC238491,DC196391,,INV,10/16/2024,10/16/2024,254.58,0.00,254.58,20.62,0.00,0.00,10/16/2024,D,KPS POOLS LLC,705 E OXFORD DR,,,TEMPE,AZ,85283-1962,,10/16/2024,PRIORITY PICK,PP - 100% PREPAYMENT PICK-UP,3,107.55,,P,0.00,,0,CP,MSDS Sheet 174,"Rev#    Date:05/03/11 Bin:   ",,0.00,0.00,DC238491,6,0,0,0.00,214,PRIORITY PICK,
P5510386,P5439868,,INV,10/15/2024,10/15/2024,1043.11,0.00,1043.11,81.36,0.00,0.00,10/15/2024,D,KPS POOLS LLC,705 E OXFORD DR,,,TEMPE,AZ,85283-1962,,10/15/2024,PRIORITY PICK,PP - 100% PREPAYMENT PICK-UP,13,94.2,,P,0.00,,1,PAC-05-186,180009 60SQF,FNS PLUS DE FILTER,EA,1019.53,1019.53,P5510386,1,0,1,90.00,537A,PRIORITY PICK,0192347230047G
P5510386,P5439868,,INV,10/15/2024,10/15/2024,1043.11,0.00,1043.11,81.36,0.00,0.00,10/15/2024,D,KPS POOLS LLC,705 E OXFORD DR,,,TEMPE,AZ,85283-1962,,10/15/2024,PRIORITY PICK,PP - 100% PREPAYMENT PICK-UP,13,94.2,,P,0.00,,6,LAS-56-4080,429-020 25/BX 2&quot;S,SCH40 PVC COUPLING,EA,1.61,9.66,P5510386,2,0,6,1.20,537A,PRIORITY PICK,
P5510386,P5439868,,INV,10/15/2024,10/15/2024,1043.11,0.00,1043.11,81.36,0.00,0.00,10/15/2024,D,KPS POOLS LLC,705 E OXFORD DR,,,TEMPE,AZ,85283-1962,,10/15/2024,PRIORITY PICK,PP - 100% PREPAYMENT PICK-UP,13,94.2,,P,0.00,,6,LAS-56-4063,406-020 25/BX 2&quot;S,SCH40 PVC 90^ ELL,EA,2.32,13.92,P5510386,3,0,6,3.00,537A,PRIORITY PICK,
P5510388,P5439869,,INV,10/15/2024,10/15/2024,11.72,12.63,11.72,0.91,0.00,0.00,10/15/2024,D,KPS POOLS LLC,705 E OXFORD DR,,,TEMPE,AZ,85283-1962,,10/15/2024,PRIORITY PICK,PP - 100% PREPAYMENT PICK-UP,2,0.8,,P,0.00,No Preferred Carrier,2,LAS-56-4066,409-020 10/BX 2&quot;SPGx2&quot;S,SCH40 PVC STREET 90^ ELL,EA,5.86,11.72,P5510388,1,0,2,0.80,537A,PRIORITY PICK,
P5510242,P5439751,JERMEMIAH,INV,10/14/2024,10/14/2024,3.10,3.34,3.10,0.24,0.00,0.00,10/14/2024,D,KPS POOLS LLC,705 E OXFORD DR,,,TEMPE,AZ,85283-1962,,10/14/2024,PRIORITY PICK,PP - 100% PREPAYMENT PICK-UP,2,0.1,,P,0.00,No Preferred Carrier,2,SPG-601-1280,O-301-9 STRAINER POT FLANGE/,EQUALIZER ORING,EA,1.55,3.10,P5510242,1,0,2,0.10,537A,PRIORITY PICK,
SD019350,SD018162,SANDRA,INV,10/11/2024,10/11/2024,211.08,0.00,211.08,17.52,0.00,0.00,10/11/2024,D,KPS POOLS LLC,705 E OXFORD DR,,,TEMPE,AZ,85283-1962,,10/11/2024,PRIORITY PICK,PP - 100% PREPAYMENT PICK-UP,3,136.4,,P,0.00,,1,EZC-50-3550,47247040 24/PLT E-Z CLOR,50# 3&quot; 8OZ BIG TABS (UW),PL,155.00,155.00,SD019350,1,0,1,54.00,644,PRIORITY PICK,
SD019350,SD018162,SANDRA,INV,10/11/2024,10/11/2024,211.08,0.00,211.08,17.52,0.00,0.00,10/11/2024,D,KPS POOLS LLC,705 E OXFORD DR,,,TEMPE,AZ,85283-1962,,10/11/2024,PRIORITY PICK,PP - 100% PREPAYMENT PICK-UP,3,136.4,,P,0.00,,0,CP,MSDS Sheet 01,"Rev#001 Date:06/16/00 Bin:   ",,0.00,0.00,SD019350,2,0,0,0.00,644,PRIORITY PICK,
SD019350,SD018162,SANDRA,INV,10/11/2024,10/11/2024,211.08,0.00,211.08,17.52,0.00,0.00,10/11/2024,D,KPS POOLS LLC,705 E OXFORD DR,,,TEMPE,AZ,85283-1962,,10/11/2024,PRIORITY PICK,PP - 100% PREPAYMENT PICK-UP,3,136.4,,P,0.00,,2,HAS-50-135,15041 4/CS,GAL REFILLABLE MURIATIC ACID,CS,28.04,56.08,SD019350,3,0,2,82.40,644,PRIORITY PICK,
SD019350,SD018162,SANDRA,INV,10/11/2024,10/11/2024,211.08,0.00,211.08,17.52,0.00,0.00,10/11/2024,D,KPS POOLS LLC,705 E OXFORD DR,,,TEMPE,AZ,85283-1962,,10/11/2024,PRIORITY PICK,PP - 100% PREPAYMENT PICK-UP,3,136.4,,P,0.00,,0,CP,MSDS Sheet 8A,"Rev#  1 Date:         Bin:   ",,0.00,0.00,SD019350,4,0,0,0.00,644,PRIORITY PICK,
43718514,43600968,SHAWN,INV,10/11/2024,10/11/2024,3.81,4.12,3.81,0.31,0.00,0.00,11/10/2024,D,KPS POOLS LLC,705 E OXFORD DR,,,TEMPE,AZ,85283-1962,,10/11/2024,PRIORITY PICK,10 - CTR: CASH ONLY,1,0.3,,P,0.00,No Preferred Carrier,1,LAS-56-4215,401-248 10/BX 2&quot;Sx2&quot;Sx.75&quot;S,SCH40 PVC REDUCING TEE,EA,3.81,3.81,43718514,3,0,1,0.30,43,PRIORITY PICK,
DC238154,DC196110,JAMIE,INV,10/11/2024,10/11/2024,264.80,0.00,264.80,21.45,0.00,0.00,10/11/2024,D,KPS POOLS LLC,705 E OXFORD DR,,,TEMPE,AZ,85283-1962,,10/11/2024,PRIORITY PICK,PP - 100% PREPAYMENT PICK-UP,6,265.6,,P,0.00,,4,HAS-50-136,01041 4/CS,GAL REFILLABLE SANI-CHLOR,CS,20.44,81.76,DC238154,1,0,4,170.40,214,PRIORITY PICK,
DC238154,DC196110,JAMIE,INV,10/11/2024,10/11/2024,264.80,0.00,264.80,21.45,0.00,0.00,10/11/2024,D,KPS POOLS LLC,705 E OXFORD DR,,,TEMPE,AZ,85283-1962,,10/11/2024,PRIORITY PICK,PP - 100% PREPAYMENT PICK-UP,6,265.6,,P,0.00,,0,CP,"Order for  ",,,0.00,0.00,DC238154,2,0,0,0.00,214,PRIORITY PICK,
DC238154,DC196110,JAMIE,INV,10/11/2024,10/11/2024,264.80,0.00,264.80,21.45,0.00,0.00,10/11/2024,D,KPS POOLS LLC,705 E OXFORD DR,,,TEMPE,AZ,85283-1962,,10/11/2024,PRIORITY PICK,PP - 100% PREPAYMENT PICK-UP,6,265.6,,P,0.00,,0,CP,MSDS Sheet 174,"Rev#    Date:05/03/11 Bin:   ",,0.00,0.00,DC238154,3,0,0,0.00,214,PRIORITY PICK,
DC238154,DC196110,JAMIE,INV,10/11/2024,10/11/2024,264.80,0.00,264.80,21.45,0.00,0.00,10/11/2024,D,KPS POOLS LLC,705 E OXFORD DR,,,TEMPE,AZ,85283-1962,,10/11/2024,PRIORITY PICK,PP - 100% PREPAYMENT PICK-UP,6,265.6,,P,0.00,,1,HAS-50-135,15041 4/CS,GAL REFILLABLE MURIATIC ACID,CS,28.04,28.04,DC238154,4,0,1,41.20,214,PRIORITY PICK,
DC238154,DC196110,JAMIE,INV,10/11/2024,10/11/2024,264.80,0.00,264.80,21.45,0.00,0.00,10/11/2024,D,KPS POOLS LLC,705 E OXFORD DR,,,TEMPE,AZ,85283-1962,,10/11/2024,PRIORITY PICK,PP - 100% PREPAYMENT PICK-UP,6,265.6,,P,0.00,,0,CP,MSDS Sheet 8A,"Rev#  1 Date:         Bin:   ",,0.00,0.00,DC238154,5,0,0,0.00,214,PRIORITY PICK,
DC238154,DC196110,JAMIE,INV,10/11/2024,10/11/2024,264.80,0.00,264.80,21.45,0.00,0.00,10/11/2024,D,KPS POOLS LLC,705 E OXFORD DR,,,TEMPE,AZ,85283-1962,,10/11/2024,PRIORITY PICK,PP - 100% PREPAYMENT PICK-UP,6,265.6,,P,0.00,,1,EZC-50-3550,47247040 24/PLT E-Z CLOR,50# 3&quot; 8OZ BIG TABS (UW),PL,155.00,155.00,DC238154,6,0,1,54.00,214,PRIORITY PICK,
DC238154,DC196110,JAMIE,INV,10/11/2024,10/11/2024,264.80,0.00,264.80,21.45,0.00,0.00,10/11/2024,D,KPS POOLS LLC,705 E OXFORD DR,,,TEMPE,AZ,85283-1962,,10/11/2024,PRIORITY PICK,PP - 100% PREPAYMENT PICK-UP,6,265.6,,P,0.00,,0,CP,MSDS Sheet 01,"Rev#001 Date:06/16/00 Bin:   ",,0.00,0.00,DC238154,7,0,0,0.00,214,PRIORITY PICK,
P5509964,P5439512,SANDRA,INV,10/10/2024,10/10/2024,233.74,0.00,233.74,17.45,0.00,0.00,10/10/2024,D,KPS POOLS LLC,705 E OXFORD DR,,,TEMPE,AZ,85283-1962,,10/10/2024,PRIORITY PICK,PP - 100% PREPAYMENT PICK-UP,9,101.35,,P,0.00,,1,EZC-50-3550,47247040 24/PLT E-Z CLOR,50# 3&quot; 8OZ BIG TABS (UW),PL,155.00,155.00,P5509964,1,0,1,54.00,537A,PRIORITY PICK,
P5509964,P5439512,SANDRA,INV,10/10/2024,10/10/2024,233.74,0.00,233.74,17.45,0.00,0.00,10/10/2024,D,KPS POOLS LLC,705 E OXFORD DR,,,TEMPE,AZ,85283-1962,,10/10/2024,PRIORITY PICK,PP - 100% PREPAYMENT PICK-UP,9,101.35,,P,0.00,,0,CP,MSDS Sheet 01,"Rev#001 Date:06/16/00 Bin:   ",,0.00,0.00,P5509964,2,0,0,0.00,537A,PRIORITY PICK,
P5509964,P5439512,SANDRA,INV,10/10/2024,10/10/2024,233.74,0.00,233.74,17.45,0.00,0.00,10/10/2024,D,KPS POOLS LLC,705 E OXFORD DR,,,TEMPE,AZ,85283-1962,,10/10/2024,PRIORITY PICK,PP - 100% PREPAYMENT PICK-UP,9,101.35,,P,0.00,,1,HAS-50-136,01041 4/CS,GAL REFILLABLE SANI-CHLOR,CS,20.44,20.44,P5509964,3,0,1,42.60,537A,PRIORITY PICK,
P5509964,P5439512,SANDRA,INV,10/10/2024,10/10/2024,233.74,0.00,233.74,17.45,0.00,0.00,10/10/2024,D,KPS POOLS LLC,705 E OXFORD DR,,,TEMPE,AZ,85283-1962,,10/10/2024,PRIORITY PICK,PP - 100% PREPAYMENT PICK-UP,9,101.35,,P,0.00,,4,HAS-50-126,BT GAL,BOTTLE DEPOSIT,EA,1.00,4.00,P5509964,7,0,4,1.60,537A,PRIORITY PICK,
P5509964,P5439512,SANDRA,INV,10/10/2024,10/10/2024,233.74,0.00,233.74,17.45,0.00,0.00,10/10/2024,D,KPS POOLS LLC,705 E OXFORD DR,,,TEMPE,AZ,85283-1962,,10/10/2024,PRIORITY PICK,PP - 100% PREPAYMENT PICK-UP,9,101.35,,P,0.00,,1,HAS-50-132,SHELL,DEPOSIT SHELL/ CHEMICAL CASE,EA,6.00,6.00,P5509964,8,0,1,2.85,537A,PRIORITY PICK,
P5509964,P5439512,SANDRA,INV,10/10/2024,10/10/2024,233.74,0.00,233.74,17.45,0.00,0.00,10/10/2024,D,KPS POOLS LLC,705 E OXFORD DR,,,TEMPE,AZ,85283-1962,,10/10/2024,PRIORITY PICK,PP - 100% PREPAYMENT PICK-UP,9,101.35,,P,0.00,,2,AQC-47-1032,551236 6/CS 100CT SILVER,7-WAY TEST STRIP,EA,24.15,48.30,P5509964,6,0,2,0.30,537A,PRIORITY PICK,
ND368832,ND301502,JENNY,INV,10/10/2024,10/10/2024,89.90,0.00,89.90,7.46,0.00,0.00,10/10/2024,D,KPS POOLS LLC,705 E OXFORD DR,,,TEMPE,AZ,85283-1962,,10/10/2024,PRIORITY PICK,PP - 100% PREPAYMENT PICK-UP,4,2.9,,P,0.00,,1,PSL-40-0642,PS862 18&quot; SS BRISTLE SUPREME,SERIES ALUM ALGAE BRUSH,EA,26.38,26.38,ND368832,1,0,1,1.00,512A,PRIORITY PICK,
ND368832,ND301502,JENNY,INV,10/10/2024,10/10/2024,89.90,0.00,89.90,7.46,0.00,0.00,10/10/2024,D,KPS POOLS LLC,705 E OXFORD DR,,,TEMPE,AZ,85283-1962,,10/10/2024,PRIORITY PICK,PP - 100% PREPAYMENT PICK-UP,4,2.9,,P,0.00,,2,PSL-45-5105,PS695 12&quot; TALL DELUXE SERIES,FLOATING CHEMICAL FEEDER,EA,16.77,33.54,ND368832,2,0,2,1.70,512A,PRIORITY PICK,
ND368832,ND301502,JENNY,INV,10/10/2024,10/10/2024,89.90,0.00,89.90,7.46,0.00,0.00,10/10/2024,D,KPS POOLS LLC,705 E OXFORD DR,,,TEMPE,AZ,85283-1962,,10/10/2024,PRIORITY PICK,PP - 100% PREPAYMENT PICK-UP,4,2.9,,P,0.00,,1,ARN-201-7822,AXW538 LARGE CAPACITY,LEAF CANISTER BAG,EA,29.98,29.98,ND368832,3,0,1,0.20,512A,PRIORITY PICK,
ND368832,ND301502,JENNY,INV,10/10/2024,10/10/2024,89.90,0.00,89.90,7.46,0.00,0.00,10/10/2024,D,KPS POOLS LLC,705 E OXFORD DR,,,TEMPE,AZ,85283-1962,,10/10/2024,PRIORITY PICK,PP - 100% PREPAYMENT PICK-UP,4,2.9,,P,0.00,,0,C,COUNTER,,,0.00,0.00,ND368832,4,0,0,0.00,512A,PRIORITY PICK,
81295235,81337092,BLAKE,INV,10/10/2024,10/10/2024,134.28,0.00,134.28,10.47,0.00,0.00,10/10/2024,D,KPS POOLS LLC,705 E OXFORD DR,,,TEMPE,AZ,85283-1962,,10/10/2024,PRIORITY PICK,PP - 100% PREPAYMENT PICK-UP,4,98.65,,P,0.00,,1,NAT-50-3008,20501PRO GAL 4/CS,PRO SERIES PHOSPHATE REMOVER,BTL,68.95,68.95,81295235,1,0,1,10.15,81,PRIORITY PICK,
81295235,81337092,BLAKE,INV,10/10/2024,10/10/2024,134.28,0.00,134.28,10.47,0.00,0.00,10/10/2024,D,KPS POOLS LLC,705 E OXFORD DR,,,TEMPE,AZ,85283-1962,,10/10/2024,PRIORITY PICK,PP - 100% PREPAYMENT PICK-UP,4,98.65,,P,0.00,,0,CP,MSDS Sheet 38,"Rev#    Date:02/28/12 Bin:   ",,0.00,0.00,81295235,2,0,0,0.00,81,PRIORITY PICK,
81295235,81337092,BLAKE,INV,10/10/2024,10/10/2024,134.28,0.00,134.28,10.47,0.00,0.00,10/10/2024,D,KPS POOLS LLC,705 E OXFORD DR,,,TEMPE,AZ,85283-1962,,10/10/2024,PRIORITY PICK,PP - 100% PREPAYMENT PICK-UP,4,98.65,,P,0.00,,1,EZC-50-7007,47247520 8/CS 384/PLT E-Z CLOR,6# PH DOWN POUCH,BAG,9.25,9.25,81295235,3,0,1,6.10,81,PRIORITY PICK,
81295235,81337092,BLAKE,INV,10/10/2024,10/10/2024,134.28,0.00,134.28,10.47,0.00,0.00,10/10/2024,D,KPS POOLS LLC,705 E OXFORD DR,,,TEMPE,AZ,85283-1962,,10/10/2024,PRIORITY PICK,PP - 100% PREPAYMENT PICK-UP,4,98.65,,P,0.00,,0,CP,MSDS Sheet 38,"Rev#    Date:02/28/12 Bin:   ",,0.00,0.00,81295235,4,0,0,0.00,81,PRIORITY PICK,
81295235,81337092,BLAKE,INV,10/10/2024,10/10/2024,134.28,0.00,134.28,10.47,0.00,0.00,10/10/2024,D,KPS POOLS LLC,705 E OXFORD DR,,,TEMPE,AZ,85283-1962,,10/10/2024,PRIORITY PICK,PP - 100% PREPAYMENT PICK-UP,4,98.65,,P,0.00,,2,HAS-50-135,15041 4/CS,GAL REFILLABLE MURIATIC ACID,CS,28.04,56.08,81295235,5,0,2,82.40,81,PRIORITY PICK,
81295235,81337092,BLAKE,INV,10/10/2024,10/10/2024,134.28,0.00,134.28,10.47,0.00,0.00,10/10/2024,D,KPS POOLS LLC,705 E OXFORD DR,,,TEMPE,AZ,85283-1962,,10/10/2024,PRIORITY PICK,PP - 100% PREPAYMENT PICK-UP,4,98.65,,P,0.00,,0,CP,MSDS Sheet 8A,"Rev#  1 Date:         Bin:   ",,0.00,0.00,81295235,6,0,0,0.00,81,PRIORITY PICK,
81295235,81337092,BLAKE,INV,10/10/2024,10/10/2024,134.28,0.00,134.28,10.47,0.00,0.00,10/10/2024,D,KPS POOLS LLC,705 E OXFORD DR,,,TEMPE,AZ,85283-1962,,10/10/2024,PRIORITY PICK,PP - 100% PREPAYMENT PICK-UP,4,98.65,,P,0.00,,0,C,EVEN X,,,0.00,0.00,81295235,7,0,0,0.00,81,PRIORITY PICK,
DC238011,DC196003,PHIL,INV,10/09/2024,10/09/2024,20.44,0.00,20.44,1.66,0.00,0.00,10/09/2024,D,KPS POOLS LLC,705 E OXFORD DR,,,TEMPE,AZ,85283-1962,,10/09/2024,PRIORITY PICK,PP - 100% PREPAYMENT PICK-UP,1,42.6,,P,0.00,,1,HAS-50-136,01041 4/CS,GAL REFILLABLE SANI-CHLOR,CS,20.44,20.44,DC238011,1,0,1,42.60,214,PRIORITY PICK,
DC238011,DC196003,PHIL,INV,10/09/2024,10/09/2024,20.44,0.00,20.44,1.66,0.00,0.00,10/09/2024,D,KPS POOLS LLC,705 E OXFORD DR,,,TEMPE,AZ,85283-1962,,10/09/2024,PRIORITY PICK,PP - 100% PREPAYMENT PICK-UP,1,42.6,,P,0.00,,0,CP,MSDS Sheet 174,"Rev#    Date:05/03/11 Bin:   ",,0.00,0.00,DC238011,2,0,0,0.00,214,PRIORITY PICK,
DC238011,DC196003,PHIL,INV,10/09/2024,10/09/2024,20.44,0.00,20.44,1.66,0.00,0.00,10/09/2024,D,KPS POOLS LLC,705 E OXFORD DR,,,TEMPE,AZ,85283-1962,,10/09/2024,PRIORITY PICK,PP - 100% PREPAYMENT PICK-UP,1,42.6,,P,0.00,,0,C,EVEN,,,0.00,0.00,DC238011,3,0,0,0.00,214,PRIORITY PICK,
DC237995,DC195986,JEREMIAH,INV,10/09/2024,10/09/2024,498.94,0.00,498.94,40.41,0.00,0.00,10/09/2024,D,KPS POOLS LLC,705 E OXFORD DR,,,TEMPE,AZ,85283-1962,,10/09/2024,PRIORITY PICK,PP - 100% PREPAYMENT PICK-UP,8,330.55,,P,0.00,,1,APB-50-856,406104A 4/CS,GAL SWIMTRINE PLUS,BTL,79.14,79.14,DC237995,1,0,1,10.95,214,PRIORITY PICK,
DC237995,DC195986,JEREMIAH,INV,10/09/2024,10/09/2024,498.94,0.00,498.94,40.41,0.00,0.00,10/09/2024,D,KPS POOLS LLC,705 E OXFORD DR,,,TEMPE,AZ,85283-1962,,10/09/2024,PRIORITY PICK,PP - 100% PREPAYMENT PICK-UP,8,330.55,,P,0.00,,0,CP,MSDS Sheet 174,"Rev#    Date:05/03/11 Bin:   ",,0.00,0.00,DC237995,2,0,0,0.00,214,PRIORITY PICK,
DC237995,DC195986,JEREMIAH,INV,10/09/2024,10/09/2024,498.94,0.00,498.94,40.41,0.00,0.00,10/09/2024,D,KPS POOLS LLC,705 E OXFORD DR,,,TEMPE,AZ,85283-1962,,10/09/2024,PRIORITY PICK,PP - 100% PREPAYMENT PICK-UP,8,330.55,,P,0.00,,2,EZC-50-3550,47247040 24/PLT E-Z CLOR,50# 3&quot; 8OZ BIG TABS (UW),PL,155.00,310.00,DC237995,3,0,2,108.00,214,PRIORITY PICK,
DC237995,DC195986,JEREMIAH,INV,10/09/2024,10/09/2024,498.94,0.00,498.94,40.41,0.00,0.00,10/09/2024,D,KPS POOLS LLC,705 E OXFORD DR,,,TEMPE,AZ,85283-1962,,10/09/2024,PRIORITY PICK,PP - 100% PREPAYMENT PICK-UP,8,330.55,,P,0.00,,0,CP,MSDS Sheet 01,"Rev#001 Date:06/16/00 Bin:   ",,0.00,0.00,DC237995,4,0,0,0.00,214,PRIORITY PICK,
DC237995,DC195986,JEREMIAH,INV,10/09/2024,10/09/2024,498.94,0.00,498.94,40.41,0.00,0.00,10/09/2024,D,KPS POOLS LLC,705 E OXFORD DR,,,TEMPE,AZ,85283-1962,,10/09/2024,PRIORITY PICK,PP - 100% PREPAYMENT PICK-UP,8,330.55,,P,0.00,,1,HAS-50-135,15041 4/CS,GAL REFILLABLE MURIATIC ACID,CS,28.04,28.04,DC237995,6,0,1,41.20,214,PRIORITY PICK,
DC237995,DC195986,JEREMIAH,INV,10/09/2024,10/09/2024,498.94,0.00,498.94,40.41,0.00,0.00,10/09/2024,D,KPS POOLS LLC,705 E OXFORD DR,,,TEMPE,AZ,85283-1962,,10/09/2024,PRIORITY PICK,PP - 100% PREPAYMENT PICK-UP,8,330.55,,P,0.00,,0,CP,MSDS Sheet 8A,"Rev#  1 Date:         Bin:   ",,0.00,0.00,DC237995,7,0,0,0.00,214,PRIORITY PICK,
DC237995,DC195986,JEREMIAH,INV,10/09/2024,10/09/2024,498.94,0.00,498.94,40.41,0.00,0.00,10/09/2024,D,KPS POOLS LLC,705 E OXFORD DR,,,TEMPE,AZ,85283-1962,,10/09/2024,PRIORITY PICK,PP - 100% PREPAYMENT PICK-UP,8,330.55,,P,0.00,,4,HAS-50-136,01041 4/CS,GAL REFILLABLE SANI-CHLOR,CS,20.44,81.76,DC237995,8,0,4,170.40,214,PRIORITY PICK,
DC237995,DC195986,JEREMIAH,INV,10/09/2024,10/09/2024,498.94,0.00,498.94,40.41,0.00,0.00,10/09/2024,D,KPS POOLS LLC,705 E OXFORD DR,,,TEMPE,AZ,85283-1962,,10/09/2024,PRIORITY PICK,PP - 100% PREPAYMENT PICK-UP,8,330.55,,P,0.00,,0,CP,MSDS Sheet 174,"Rev#    Date:05/03/11 Bin:   ",,0.00,0.00,DC237995,9,0,0,0.00,214,PRIORITY PICK,
DC237995,DC195986,JEREMIAH,INV,10/09/2024,10/09/2024,498.94,0.00,498.94,40.41,0.00,0.00,10/09/2024,D,KPS POOLS LLC,705 E OXFORD DR,,,TEMPE,AZ,85283-1962,,10/09/2024,PRIORITY PICK,PP - 100% PREPAYMENT PICK-UP,8,330.55,,P,0.00,,0,C,EVEN,,,0.00,0.00,DC237995,10,0,0,0.00,214,PRIORITY PICK,
DC237909,DC195920,BLAKE,INV,10/08/2024,10/08/2024,316.92,0.00,316.92,25.67,0.00,0.00,10/08/2024,D,KPS POOLS LLC,705 E OXFORD DR,,,TEMPE,AZ,85283-1962,,10/08/2024,PRIORITY PICK,PP - 100% PREPAYMENT PICK-UP,12,187.51,,P,0.00,,1,SPG-601-1255,O-512KIT-9 2&quot; HAYWARD,SLIDE VALVE ORING KIT,EA,3.96,3.96,DC237909,1,0,1,0.05,214,PRIORITY PICK,
DC237909,DC195920,BLAKE,INV,10/08/2024,10/08/2024,316.92,0.00,316.92,25.67,0.00,0.00,10/08/2024,D,KPS POOLS LLC,705 E OXFORD DR,,,TEMPE,AZ,85283-1962,,10/08/2024,PRIORITY PICK,PP - 100% PREPAYMENT PICK-UP,12,187.51,,P,0.00,,1,EZC-50-7105,47247360 8/CS 384/PLT E-Z CLOR,5# PH UP POUCH,BAG,5.14,5.14,DC237909,2,0,1,5.10,214,PRIORITY PICK,
DC237909,DC195920,BLAKE,INV,10/08/2024,10/08/2024,316.92,0.00,316.92,25.67,0.00,0.00,10/08/2024,D,KPS POOLS LLC,705 E OXFORD DR,,,TEMPE,AZ,85283-1962,,10/08/2024,PRIORITY PICK,PP - 100% PREPAYMENT PICK-UP,12,187.51,,P,0.00,,0,CP,MSDS Sheet 38,"Rev#    Date:02/28/12 Bin:   ",,0.00,0.00,DC237909,3,0,0,0.00,214,PRIORITY PICK,
DC237909,DC195920,BLAKE,INV,10/08/2024,10/08/2024,316.92,0.00,316.92,25.67,0.00,0.00,10/08/2024,D,KPS POOLS LLC,705 E OXFORD DR,,,TEMPE,AZ,85283-1962,,10/08/2024,PRIORITY PICK,PP - 100% PREPAYMENT PICK-UP,12,187.51,,P,0.00,,1,NAT-50-5232,15236NCM 4/CS 3L/101.5OZ,EXTRA STRENGTH PHOSFREE,BTL,62.64,62.64,DC237909,4,0,1,8.00,214,PRIORITY PICK,
DC237909,DC195920,BLAKE,INV,10/08/2024,10/08/2024,316.92,0.00,316.92,25.67,0.00,0.00,10/08/2024,D,KPS POOLS LLC,705 E OXFORD DR,,,TEMPE,AZ,85283-1962,,10/08/2024,PRIORITY PICK,PP - 100% PREPAYMENT PICK-UP,12,187.51,,P,0.00,,0,CP,MSDS Sheet 38,"Rev#    Date:02/28/12 Bin:   ",,0.00,0.00,DC237909,5,0,0,0.00,214,PRIORITY PICK,
DC237909,DC195920,BLAKE,INV,10/08/2024,10/08/2024,316.92,0.00,316.92,25.67,0.00,0.00,10/08/2024,D,KPS POOLS LLC,705 E OXFORD DR,,,TEMPE,AZ,85283-1962,,10/08/2024,PRIORITY PICK,PP - 100% PREPAYMENT PICK-UP,12,187.51,,P,0.00,,1,GVT-60-501,SP-HP-24 24/CS SKIMPRO SP1070/,U-3 VENTED SKIMMER BASKET,EA,13.55,13.55,DC237909,6,0,1,0.55,214,PRIORITY PICK,
DC237909,DC195920,BLAKE,INV,10/08/2024,10/08/2024,316.92,0.00,316.92,25.67,0.00,0.00,10/08/2024,D,KPS POOLS LLC,705 E OXFORD DR,,,TEMPE,AZ,85283-1962,,10/08/2024,PRIORITY PICK,PP - 100% PREPAYMENT PICK-UP,12,187.51,,P,0.00,,1,HAY-051-7009,CCX1000V XSTREAM,AIR RELIEF VALVE W/ ORING,EA,13.77,13.77,DC237909,7,0,1,0.06,214,PRIORITY PICK,
DC237909,DC195920,BLAKE,INV,10/08/2024,10/08/2024,316.92,0.00,316.92,25.67,0.00,0.00,10/08/2024,D,KPS POOLS LLC,705 E OXFORD DR,,,TEMPE,AZ,85283-1962,,10/08/2024,PRIORITY PICK,PP - 100% PREPAYMENT PICK-UP,12,187.51,,P,0.00,,1,PSL-45-5105,PS695 12&quot; TALL DELUXE SERIES,FLOATING CHEMICAL FEEDER,EA,16.77,16.77,DC237909,8,0,1,0.85,214,PRIORITY PICK,
DC237909,DC195920,BLAKE,INV,10/08/2024,10/08/2024,316.92,0.00,316.92,25.67,0.00,0.00,10/08/2024,D,KPS POOLS LLC,705 E OXFORD DR,,,TEMPE,AZ,85283-1962,,10/08/2024,PRIORITY PICK,PP - 100% PREPAYMENT PICK-UP,12,187.51,,P,0.00,,1,ARN-201-5067,W530 LARGE LEAF,CANISTER W/ MESH BAG,EA,101.92,101.92,DC237909,9,0,1,3.15,214,PRIORITY PICK,
DC237909,DC195920,BLAKE,INV,10/08/2024,10/08/2024,316.92,0.00,316.92,25.67,0.00,0.00,10/08/2024,D,KPS POOLS LLC,705 E OXFORD DR,,,TEMPE,AZ,85283-1962,,10/08/2024,PRIORITY PICK,PP - 100% PREPAYMENT PICK-UP,12,187.51,,P,0.00,,1,PSL-201-7001,PS481 48&quot; WHITE UNIVERSAL,SUCTION CLEANER HOSE,EA,9.81,9.81,DC237909,10,0,1,0.75,214,PRIORITY PICK,
DC237909,DC195920,BLAKE,INV,10/08/2024,10/08/2024,316.92,0.00,316.92,25.67,0.00,0.00,10/08/2024,D,KPS POOLS LLC,705 E OXFORD DR,,,TEMPE,AZ,85283-1962,,10/08/2024,PRIORITY PICK,PP - 100% PREPAYMENT PICK-UP,12,187.51,,P,0.00,,1,HAS-50-135,15041 4/CS,GAL REFILLABLE MURIATIC ACID,CS,28.04,28.04,DC237909,11,0,1,41.20,214,PRIORITY PICK,
DC237909,DC195920,BLAKE,INV,10/08/2024,10/08/2024,316.92,0.00,316.92,25.67,0.00,0.00,10/08/2024,D,KPS POOLS LLC,705 E OXFORD DR,,,TEMPE,AZ,85283-1962,,10/08/2024,PRIORITY PICK,PP - 100% PREPAYMENT PICK-UP,12,187.51,,P,0.00,,0,CP,MSDS Sheet 8A,"Rev#  1 Date:         Bin:   ",,0.00,0.00,DC237909,12,0,0,0.00,214,PRIORITY PICK,
DC237909,DC195920,BLAKE,INV,10/08/2024,10/08/2024,316.92,0.00,316.92,25.67,0.00,0.00,10/08/2024,D,KPS POOLS LLC,705 E OXFORD DR,,,TEMPE,AZ,85283-1962,,10/08/2024,PRIORITY PICK,PP - 100% PREPAYMENT PICK-UP,12,187.51,,P,0.00,,3,HAS-50-136,01041 4/CS,GAL REFILLABLE SANI-CHLOR,CS,20.44,61.32,DC237909,13,0,3,127.80,214,PRIORITY PICK,
DC237909,DC195920,BLAKE,INV,10/08/2024,10/08/2024,316.92,0.00,316.92,25.67,0.00,0.00,10/08/2024,D,KPS POOLS LLC,705 E OXFORD DR,,,TEMPE,AZ,85283-1962,,10/08/2024,PRIORITY PICK,PP - 100% PREPAYMENT PICK-UP,12,187.51,,P,0.00,,0,CP,MSDS Sheet 174,"Rev#    Date:05/03/11 Bin:   ",,0.00,0.00,DC237909,14,0,0,0.00,214,PRIORITY PICK,
DC237909,DC195920,BLAKE,INV,10/08/2024,10/08/2024,316.92,0.00,316.92,25.67,0.00,0.00,10/08/2024,D,KPS POOLS LLC,705 E OXFORD DR,,,TEMPE,AZ,85283-1962,,10/08/2024,PRIORITY PICK,PP - 100% PREPAYMENT PICK-UP,12,187.51,,P,0.00,,0,C,EVEN,,,0.00,0.00,DC237909,15,0,0,0.00,214,PRIORITY PICK,
P5509559,P5439160,JAMIE,INV,10/08/2024,10/08/2024,61.32,0.00,61.32,4.78,0.00,0.00,10/08/2024,D,KPS POOLS LLC,705 E OXFORD DR,,,TEMPE,AZ,85283-1962,,10/08/2024,PRIORITY PICK,PP - 100% PREPAYMENT PICK-UP,3,127.8,,P,0.00,,3,HAS-50-136,01041 4/CS,GAL REFILLABLE SANI-CHLOR,CS,20.44,61.32,P5509559,1,0,3,127.80,537A,PRIORITY PICK,
P5509559,P5439160,JAMIE,INV,10/08/2024,10/08/2024,61.32,0.00,61.32,4.78,0.00,0.00,10/08/2024,D,KPS POOLS LLC,705 E OXFORD DR,,,TEMPE,AZ,85283-1962,,10/08/2024,PRIORITY PICK,PP - 100% PREPAYMENT PICK-UP,3,127.8,,P,0.00,,0,CP,MSDS Sheet 174,"Rev#    Date:05/03/11 Bin:   ",,0.00,0.00,P5509559,2,0,0,0.00,537A,PRIORITY PICK,
43717518,43600035,ELIAS,INV,10/07/2024,10/07/2024,20.95,22.64,20.95,1.69,0.00,0.00,10/07/2024,D,KPS POOLS LLC,705 E OXFORD DR,,,TEMPE,AZ,85283-1962,,10/07/2024,PICK UP,12 - CTR: CHECK OK,1,0.25,,P,0.00,No Preferred Carrier,1,SPG-101-2715,12715 25MFD 370V,ROUND RUN CAPACITOR,EA,20.95,20.95,43717518,1,0,1,0.25,43,PICK UP,
43717511,43600023,SHAWN,INV,10/07/2024,10/07/2024,642.37,0.00,642.37,51.71,0.00,0.00,10/07/2024,D,KPS POOLS LLC,705 E OXFORD DR,,,TEMPE,AZ,85283-1962,,10/07/2024,PRIORITY PICK,PP - 100% PREPAYMENT PICK-UP,4,6.22,,P,0.00,,1,CTK-201-377,3-7-625 ULTRAFLEX 2,ORING KIT W/ MOLDED TEE,EA,108.83,108.83,43717511,1,0,1,0.70,43,PRIORITY PICK,
43717511,43600023,SHAWN,INV,10/07/2024,10/07/2024,642.37,0.00,642.37,51.71,0.00,0.00,10/07/2024,D,KPS POOLS LLC,705 E OXFORD DR,,,TEMPE,AZ,85283-1962,,10/07/2024,PRIORITY PICK,PP - 100% PREPAYMENT PICK-UP,4,6.22,,P,0.00,,1,CTK-20-8699,4-7-310 ULTRAFLEX 2 MOTOR,MOUNT W/ SENSOR & SENSOR PCB,EA,465.78,465.78,43717511,2,0,1,4.60,43,PRIORITY PICK,
43717511,43600023,SHAWN,INV,10/07/2024,10/07/2024,642.37,0.00,642.37,51.71,0.00,0.00,10/07/2024,D,KPS POOLS LLC,705 E OXFORD DR,,,TEMPE,AZ,85283-1962,,10/07/2024,PRIORITY PICK,PP - 100% PREPAYMENT PICK-UP,4,6.22,,P,0.00,,1,CTK-201-939,4-7-2 ULTRAFLEX/ ULTRAFLEX 2,PRESSURE SWITCH & GAUGE ASSY,EA,62.60,62.60,43717511,3,0,1,0.90,43,PRIORITY PICK,
43717511,43600023,SHAWN,INV,10/07/2024,10/07/2024,642.37,0.00,642.37,51.71,0.00,0.00,10/07/2024,D,KPS POOLS LLC,705 E OXFORD DR,,,TEMPE,AZ,85283-1962,,10/07/2024,PRIORITY PICK,PP - 100% PREPAYMENT PICK-UP,4,6.22,,P,0.00,,1,STA-101-1087,U178-920PZ .25&quot;MPT,DRAIN PLUG W/ ORING,EA,5.16,5.16,43717511,4,0,1,0.02,43,PRIORITY PICK,
ND368163,ND300921,JENNY,INV,10/07/2024,10/07/2024,195.88,0.00,195.88,16.26,0.00,0.00,10/07/2024,D,KPS POOLS LLC,705 E OXFORD DR,,,TEMPE,AZ,85283-1962,,10/07/2024,PRIORITY PICK,PP - 100% PREPAYMENT PICK-UP,3,139.2,,P,0.00,,1,EZC-50-3550,47247040 24/PLT E-Z CLOR,50# 3&quot; 8OZ BIG TABS (UW),PL,155.00,155.00,ND368163,1,0,1,54.00,512A,PRIORITY PICK,
ND368163,ND300921,JENNY,INV,10/07/2024,10/07/2024,195.88,0.00,195.88,16.26,0.00,0.00,10/07/2024,D,KPS POOLS LLC,705 E OXFORD DR,,,TEMPE,AZ,85283-1962,,10/07/2024,PRIORITY PICK,PP - 100% PREPAYMENT PICK-UP,3,139.2,,P,0.00,,0,CP,MSDS Sheet 01,"Rev#001 Date:06/16/00 Bin:   ",,0.00,0.00,ND368163,2,0,0,0.00,512A,PRIORITY PICK,
ND368163,ND300921,JENNY,INV,10/07/2024,10/07/2024,195.88,0.00,195.88,16.26,0.00,0.00,10/07/2024,D,KPS POOLS LLC,705 E OXFORD DR,,,TEMPE,AZ,85283-1962,,10/07/2024,PRIORITY PICK,PP - 100% PREPAYMENT PICK-UP,3,139.2,,P,0.00,,2,HAS-50-136,01041 4/CS,GAL REFILLABLE SANI-CHLOR,CS,20.44,40.88,ND368163,3,0,2,85.20,512A,PRIORITY PICK,
ND368163,ND300921,JENNY,INV,10/07/2024,10/07/2024,195.88,0.00,195.88,16.26,0.00,0.00,10/07/2024,D,KPS POOLS LLC,705 E OXFORD DR,,,TEMPE,AZ,85283-1962,,10/07/2024,PRIORITY PICK,PP - 100% PREPAYMENT PICK-UP,3,139.2,,P,0.00,,0,CP,MSDS Sheet 174,"Rev#    Date:05/03/11 Bin:   ",,0.00,0.00,ND368163,4,0,0,0.00,512A,PRIORITY PICK,
ND368163,ND300921,JENNY,INV,10/07/2024,10/07/2024,195.88,0.00,195.88,16.26,0.00,0.00,10/07/2024,D,KPS POOLS LLC,705 E OXFORD DR,,,TEMPE,AZ,85283-1962,,10/07/2024,PRIORITY PICK,PP - 100% PREPAYMENT PICK-UP,3,139.2,,P,0.00,,0,C,BAY 2,,,0.00,0.00,ND368163,5,0,0,0.00,512A,PRIORITY PICK,
DC237771,DC195815,SHAWN,INV,10/07/2024,10/07/2024,14.13,15.27,14.13,1.14,0.00,0.00,10/07/2024,D,KPS POOLS LLC,705 E OXFORD DR,,,TEMPE,AZ,85283-1962,,10/07/2024,PRIORITY PICK,PP - 100% PREPAYMENT PICK-UP,1,0.45,,P,0.00,No Preferred Carrier,1,SPG-56-0003,21049-200-000 100/CS 2&quot;S,SELF-ALIGNING PVC UNION,EA,14.13,14.13,DC237771,1,0,1,0.45,214,PRIORITY PICK,
DC237770,DC195814,SHAWN,INV,10/07/2024,10/07/2024,-2.63,-2.84,-2.63,-0.21,0.00,0.00,11/06/2024,D,KPS POOLS LLC,705 E OXFORD DR,,,TEMPE,AZ,85283-1962,,10/07/2024,PRIORITY PICK,14 - COD: CASH ONLY,-3,-0.09,,P,0.00,No Preferred Carrier,-2,SPG-601-1288,O-125-9 1.5&quot; PLUG/ TAILPIECE/,UNION ORING,EA,1.19,-2.38,DC237770,1,0,-2,-0.10,214,PRIORITY PICK,
DC237770,DC195814,SHAWN,INV,10/07/2024,10/07/2024,-2.63,-2.84,-2.63,-0.21,0.00,0.00,11/06/2024,D,KPS POOLS LLC,705 E OXFORD DR,,,TEMPE,AZ,85283-1962,,10/07/2024,PRIORITY PICK,14 - COD: CASH ONLY,-3,-0.09,,P,0.00,No Preferred Carrier,1,SPG-601-6608,O-64-9 CONNECTOR,COLLAR ORING,EA,1.35,1.35,DC237770,2,0,1,0.05,214,PRIORITY PICK,
DC237770,DC195814,SHAWN,INV,10/07/2024,10/07/2024,-2.63,-2.84,-2.63,-0.21,0.00,0.00,11/06/2024,D,KPS POOLS LLC,705 E OXFORD DR,,,TEMPE,AZ,85283-1962,,10/07/2024,PRIORITY PICK,14 - COD: CASH ONLY,-3,-0.09,,P,0.00,No Preferred Carrier,-2,SPG-601-1291,0301-230W 2&quot; HI-TEMP UNION,ORING GASKET,EA,0.80,-1.60,DC237770,3,0,-2,-0.04,214,PRIORITY PICK,
DC237755,DC195803,SHAWN,INV,10/07/2024,10/07/2024,23.88,0.00,23.88,1.93,0.00,0.00,10/07/2024,D,KPS POOLS LLC,705 E OXFORD DR,,,TEMPE,AZ,85283-1962,,10/07/2024,PRIORITY PICK,PP - 100% PREPAYMENT PICK-UP,14,7.14,,P,0.00,,10,AAA-56-4105,SCH40  2&quot;,PVC PIPE SCH40 2&quot; PER FT,FT,1.99,19.90,DC237755,3,0,10,7.00,214,PRIORITY PICK,
DC237755,DC195803,SHAWN,INV,10/07/2024,10/07/2024,23.88,0.00,23.88,1.93,0.00,0.00,10/07/2024,D,KPS POOLS LLC,705 E OXFORD DR,,,TEMPE,AZ,85283-1962,,10/07/2024,PRIORITY PICK,PP - 100% PREPAYMENT PICK-UP,14,7.14,,P,0.00,,2,SPG-601-1288,O-125-9 1.5&quot; PLUG/ TAILPIECE/,UNION ORING,EA,1.19,2.38,DC237755,4,0,2,0.10,214,PRIORITY PICK,
DC237755,DC195803,SHAWN,INV,10/07/2024,10/07/2024,23.88,0.00,23.88,1.93,0.00,0.00,10/07/2024,D,KPS POOLS LLC,705 E OXFORD DR,,,TEMPE,AZ,85283-1962,,10/07/2024,PRIORITY PICK,PP - 100% PREPAYMENT PICK-UP,14,7.14,,P,0.00,,2,SPG-601-1291,0301-230W 2&quot; HI-TEMP UNION,ORING GASKET,EA,0.80,1.60,DC237755,6,0,2,0.04,214,PRIORITY PICK,
81294639,81336516,BLAKE,INV,10/04/2024,10/04/2024,229.98,0.00,229.98,17.94,0.00,0.00,10/04/2024,D,KPS POOLS LLC,705 E OXFORD DR,,,TEMPE,AZ,85283-1962,,10/04/2024,PRIORITY PICK,PP - 100% PREPAYMENT PICK-UP,4,140.8,,P,0.00,,1,EZC-50-2006,47247670 12/CS 672/PLT EZ CLOR,QT SUPER BLACK ALGAECIDE,BTL,26.50,26.50,81294639,1,0,1,3.00,81,PRIORITY PICK,
81294639,81336516,BLAKE,INV,10/04/2024,10/04/2024,229.98,0.00,229.98,17.94,0.00,0.00,10/04/2024,D,KPS POOLS LLC,705 E OXFORD DR,,,TEMPE,AZ,85283-1962,,10/04/2024,PRIORITY PICK,PP - 100% PREPAYMENT PICK-UP,4,140.8,,P,0.00,,0,CP,MSDS Sheet 174,"Rev#    Date:05/03/11 Bin:   ",,0.00,0.00,81294639,2,0,0,0.00,81,PRIORITY PICK,
81294639,81336516,BLAKE,INV,10/04/2024,10/04/2024,229.98,0.00,229.98,17.94,0.00,0.00,10/04/2024,D,KPS POOLS LLC,705 E OXFORD DR,,,TEMPE,AZ,85283-1962,,10/04/2024,PRIORITY PICK,PP - 100% PREPAYMENT PICK-UP,4,140.8,,P,0.00,,1,HAS-50-135,15041 4/CS,GAL REFILLABLE MURIATIC ACID,CS,28.04,28.04,81294639,3,0,1,41.20,81,PRIORITY PICK,
81294639,81336516,BLAKE,INV,10/04/2024,10/04/2024,229.98,0.00,229.98,17.94,0.00,0.00,10/04/2024,D,KPS POOLS LLC,705 E OXFORD DR,,,TEMPE,AZ,85283-1962,,10/04/2024,PRIORITY PICK,PP - 100% PREPAYMENT PICK-UP,4,140.8,,P,0.00,,0,CP,MSDS Sheet 8A,"Rev#  1 Date:         Bin:   ",,0.00,0.00,81294639,4,0,0,0.00,81,PRIORITY PICK,
81294639,81336516,BLAKE,INV,10/04/2024,10/04/2024,229.98,0.00,229.98,17.94,0.00,0.00,10/04/2024,D,KPS POOLS LLC,705 E OXFORD DR,,,TEMPE,AZ,85283-1962,,10/04/2024,PRIORITY PICK,PP - 100% PREPAYMENT PICK-UP,4,140.8,,P,0.00,,1,HAS-50-136,01041 4/CS,GAL REFILLABLE SANI-CHLOR,CS,20.44,20.44,81294639,5,0,1,42.60,81,PRIORITY PICK,
81294639,81336516,BLAKE,INV,10/04/2024,10/04/2024,229.98,0.00,229.98,17.94,0.00,0.00,10/04/2024,D,KPS POOLS LLC,705 E OXFORD DR,,,TEMPE,AZ,85283-1962,,10/04/2024,PRIORITY PICK,PP - 100% PREPAYMENT PICK-UP,4,140.8,,P,0.00,,0,CP,MSDS Sheet 174,"Rev#    Date:05/03/11 Bin:   ",,0.00,0.00,81294639,6,0,0,0.00,81,PRIORITY PICK,
81294639,81336516,BLAKE,INV,10/04/2024,10/04/2024,229.98,0.00,229.98,17.94,0.00,0.00,10/04/2024,D,KPS POOLS LLC,705 E OXFORD DR,,,TEMPE,AZ,85283-1962,,10/04/2024,PRIORITY PICK,PP - 100% PREPAYMENT PICK-UP,4,140.8,,P,0.00,,1,EZC-50-3550,47247040 24/PLT E-Z CLOR,50# 3&quot; 8OZ BIG TABS (UW),PL,155.00,155.00,81294639,7,0,1,54.00,81,PRIORITY PICK,
81294639,81336516,BLAKE,INV,10/04/2024,10/04/2024,229.98,0.00,229.98,17.94,0.00,0.00,10/04/2024,D,KPS POOLS LLC,705 E OXFORD DR,,,TEMPE,AZ,85283-1962,,10/04/2024,PRIORITY PICK,PP - 100% PREPAYMENT PICK-UP,4,140.8,,P,0.00,,0,CP,MSDS Sheet 01,"Rev#001 Date:06/16/00 Bin:   ",,0.00,0.00,81294639,8,0,0,0.00,81,PRIORITY PICK,
ND367825,ND300647,SHAWN,INV,10/04/2024,10/04/2024,116.45,126.12,116.45,9.67,0.00,0.00,10/04/2024,D,KPS POOLS LLC,705 E OXFORD DR,,,TEMPE,AZ,85283-1962,,10/04/2024,PRIORITY PICK,PP - 100% PREPAYMENT PICK-UP,1,1.69,,P,0.00,No Preferred Carrier,1,HAY-061-2138,SPX0714BA SP0714T MPV,KEY COVER & HANDLE ASSY,EA,116.45,116.45,ND367825,1,0,1,1.69,512A,PRIORITY PICK,
P5509304,P5438929,SANDRA,INV,10/04/2024,10/04/2024,50.30,54.22,50.30,3.92,0.00,0.00,10/04/2024,D,KPS POOLS LLC,705 E OXFORD DR,,,TEMPE,AZ,85283-1962,,10/04/2024,PRIORITY PICK,PP - 100% PREPAYMENT PICK-UP,2,11.4,,P,0.00,No Preferred Carrier,1,SKM-40-2001,SP200 SPARTAN LEAF RAKE,W/ DEEP BAG,EA,38.85,38.85,P5509304,1,0,1,1.20,537A,PRIORITY PICK,
P5509304,P5438929,SANDRA,INV,10/04/2024,10/04/2024,50.30,54.22,50.30,3.92,0.00,0.00,10/04/2024,D,KPS POOLS LLC,705 E OXFORD DR,,,TEMPE,AZ,85283-1962,,10/04/2024,PRIORITY PICK,PP - 100% PREPAYMENT PICK-UP,2,11.4,,P,0.00,No Preferred Carrier,1,EZC-50-7210,47247400 4/CS 144/PLT E-Z CLOR,10# ALKALINITY UP POUCH,BAG,11.45,11.45,P5509304,2,0,1,10.20,537A,PRIORITY PICK,
P5509304,P5438929,SANDRA,INV,10/04/2024,10/04/2024,50.30,54.22,50.30,3.92,0.00,0.00,10/04/2024,D,KPS POOLS LLC,705 E OXFORD DR,,,TEMPE,AZ,85283-1962,,10/04/2024,PRIORITY PICK,PP - 100% PREPAYMENT PICK-UP,2,11.4,,P,0.00,No Preferred Carrier,0,CP,MSDS Sheet 38,"Rev#    Date:02/28/12 Bin:   ",,0.00,0.00,P5509304,3,0,0,0.00,537A,PRIORITY PICK,
DC237648,DC195710,JAMIE,INV,10/04/2024,10/04/2024,183.04,0.00,183.04,14.83,0.00,0.00,10/04/2024,D,KPS POOLS LLC,705 E OXFORD DR,,,TEMPE,AZ,85283-1962,,10/04/2024,PRIORITY PICK,PP - 100% PREPAYMENT PICK-UP,2,95.2,,P,0.00,,1,HAS-50-135,15041 4/CS,GAL REFILLABLE MURIATIC ACID,CS,28.04,28.04,DC237648,1,0,1,41.20,214,PRIORITY PICK,
DC237648,DC195710,JAMIE,INV,10/04/2024,10/04/2024,183.04,0.00,183.04,14.83,0.00,0.00,10/04/2024,D,KPS POOLS LLC,705 E OXFORD DR,,,TEMPE,AZ,85283-1962,,10/04/2024,PRIORITY PICK,PP - 100% PREPAYMENT PICK-UP,2,95.2,,P,0.00,,0,CP,MSDS Sheet 8A,"Rev#  1 Date:         Bin:   ",,0.00,0.00,DC237648,2,0,0,0.00,214,PRIORITY PICK,
DC237648,DC195710,JAMIE,INV,10/04/2024,10/04/2024,183.04,0.00,183.04,14.83,0.00,0.00,10/04/2024,D,KPS POOLS LLC,705 E OXFORD DR,,,TEMPE,AZ,85283-1962,,10/04/2024,PRIORITY PICK,PP - 100% PREPAYMENT PICK-UP,2,95.2,,P,0.00,,1,EZC-50-3550,47247040 24/PLT E-Z CLOR,50# 3&quot; 8OZ BIG TABS (UW),PL,155.00,155.00,DC237648,3,0,1,54.00,214,PRIORITY PICK,
DC237648,DC195710,JAMIE,INV,10/04/2024,10/04/2024,183.04,0.00,183.04,14.83,0.00,0.00,10/04/2024,D,KPS POOLS LLC,705 E OXFORD DR,,,TEMPE,AZ,85283-1962,,10/04/2024,PRIORITY PICK,PP - 100% PREPAYMENT PICK-UP,2,95.2,,P,0.00,,0,CP,MSDS Sheet 01,"Rev#001 Date:06/16/00 Bin:   ",,0.00,0.00,DC237648,4,0,0,0.00,214,PRIORITY PICK,
81294461,81336329,ALEX,INV,10/03/2024,10/03/2024,185.44,0.00,185.44,13.68,0.00,0.00,10/03/2024,D,KPS POOLS LLC,705 E OXFORD DR,,,TEMPE,AZ,85283-1962,,10/03/2024,PRIORITY PICK,PP - 100% PREPAYMENT PICK-UP,7,101.05,,P,0.00,,1,EZC-50-3550,47247040 24/PLT E-Z CLOR,50# 3&quot; 8OZ BIG TABS (UW),PL,155.00,155.00,81294461,1,0,1,54.00,81,PRIORITY PICK,
81294461,81336329,ALEX,INV,10/03/2024,10/03/2024,185.44,0.00,185.44,13.68,0.00,0.00,10/03/2024,D,KPS POOLS LLC,705 E OXFORD DR,,,TEMPE,AZ,85283-1962,,10/03/2024,PRIORITY PICK,PP - 100% PREPAYMENT PICK-UP,7,101.05,,P,0.00,,0,CP,MSDS Sheet 01,"Rev#001 Date:06/16/00 Bin:   ",,0.00,0.00,81294461,2,0,0,0.00,81,PRIORITY PICK,
81294461,81336329,ALEX,INV,10/03/2024,10/03/2024,185.44,0.00,185.44,13.68,0.00,0.00,10/03/2024,D,KPS POOLS LLC,705 E OXFORD DR,,,TEMPE,AZ,85283-1962,,10/03/2024,PRIORITY PICK,PP - 100% PREPAYMENT PICK-UP,7,101.05,,P,0.00,,4,HAS-50-126,BT GAL,BOTTLE DEPOSIT,EA,1.00,4.00,81294461,3,0,4,1.60,81,PRIORITY PICK,
81294461,81336329,ALEX,INV,10/03/2024,10/03/2024,185.44,0.00,185.44,13.68,0.00,0.00,10/03/2024,D,KPS POOLS LLC,705 E OXFORD DR,,,TEMPE,AZ,85283-1962,,10/03/2024,PRIORITY PICK,PP - 100% PREPAYMENT PICK-UP,7,101.05,,P,0.00,,1,HAS-50-132,SHELL,DEPOSIT SHELL/ CHEMICAL CASE,EA,6.00,6.00,81294461,4,0,1,2.85,81,PRIORITY PICK,
81294461,81336329,ALEX,INV,10/03/2024,10/03/2024,185.44,0.00,185.44,13.68,0.00,0.00,10/03/2024,D,KPS POOLS LLC,705 E OXFORD DR,,,TEMPE,AZ,85283-1962,,10/03/2024,PRIORITY PICK,PP - 100% PREPAYMENT PICK-UP,7,101.05,,P,0.00,,1,HAS-50-136,01041 4/CS,GAL REFILLABLE SANI-CHLOR,CS,20.44,20.44,81294461,5,0,1,42.60,81,PRIORITY PICK,
81294461,81336329,ALEX,INV,10/03/2024,10/03/2024,185.44,0.00,185.44,13.68,0.00,0.00,10/03/2024,D,KPS POOLS LLC,705 E OXFORD DR,,,TEMPE,AZ,85283-1962,,10/03/2024,PRIORITY PICK,PP - 100% PREPAYMENT PICK-UP,7,101.05,,P,0.00,,0,CP,MSDS Sheet 174,"Rev#    Date:05/03/11 Bin:   ",,0.00,0.00,81294461,6,0,0,0.00,81,PRIORITY PICK,
43716708,43599222,ELIAS,INV,10/02/2024,10/02/2024,11.02,11.91,11.02,0.89,0.00,0.00,10/02/2024,D,KPS POOLS LLC,705 E OXFORD DR,,,TEMPE,AZ,85283-1962,,10/02/2024,PRIORITY PICK,PP - 100% PREPAYMENT PICK-UP,1,0.2,,P,0.00,No Preferred Carrier,1,SPG-101-1915,11112 124-156MFD,125V START CAPACITOR,EA,11.02,11.02,43716708,3,0,1,0.20,43,PRIORITY PICK,
SD018694,SD017576,SANDY,INV,10/02/2024,10/02/2024,77.13,83.53,77.13,6.40,0.00,0.00,10/02/2024,D,KPS POOLS LLC,705 E OXFORD DR,,,TEMPE,AZ,85283-1962,,10/02/2024,PRIORITY PICK,PP - 100% PREPAYMENT PICK-UP,5,1.65,,P,0.00,No Preferred Carrier,3,SPG-251-2009,938 8-3/8&quot; SPRING LOADED,SKIMMER WEIR,EA,9.61,28.83,SD018694,1,0,3,1.35,644,PRIORITY PICK,
SD018694,SD017576,SANDY,INV,10/02/2024,10/02/2024,77.13,83.53,77.13,6.40,0.00,0.00,10/02/2024,D,KPS POOLS LLC,705 E OXFORD DR,,,TEMPE,AZ,85283-1962,,10/02/2024,PRIORITY PICK,PP - 100% PREPAYMENT PICK-UP,5,1.65,,P,0.00,No Preferred Carrier,2,AQC-47-1032,551236 6/CS 100CT SILVER,7-WAY TEST STRIP,EA,24.15,48.30,SD018694,2,0,2,0.30,644,PRIORITY PICK,
DC237502,DC195584,BLAKLE,INV,10/02/2024,10/02/2024,309.69,0.00,309.69,25.08,0.00,0.00,10/02/2024,D,KPS POOLS LLC,705 E OXFORD DR,,,TEMPE,AZ,85283-1962,,10/02/2024,PRIORITY PICK,PP - 100% PREPAYMENT PICK-UP,8,311.5,,P,0.00,,1,EZC-50-7007,47247520 8/CS 384/PLT E-Z CLOR,6# PH DOWN POUCH,BAG,9.25,9.25,DC237502,1,0,1,6.10,214,PRIORITY PICK,
DC237502,DC195584,BLAKLE,INV,10/02/2024,10/02/2024,309.69,0.00,309.69,25.08,0.00,0.00,10/02/2024,D,KPS POOLS LLC,705 E OXFORD DR,,,TEMPE,AZ,85283-1962,,10/02/2024,PRIORITY PICK,PP - 100% PREPAYMENT PICK-UP,8,311.5,,P,0.00,,0,CP,MSDS Sheet 38,"Rev#    Date:02/28/12 Bin:   ",,0.00,0.00,DC237502,2,0,0,0.00,214,PRIORITY PICK,
DC237502,DC195584,BLAKLE,INV,10/02/2024,10/02/2024,309.69,0.00,309.69,25.08,0.00,0.00,10/02/2024,D,KPS POOLS LLC,705 E OXFORD DR,,,TEMPE,AZ,85283-1962,,10/02/2024,PRIORITY PICK,PP - 100% PREPAYMENT PICK-UP,8,311.5,,P,0.00,,3,HAS-50-135,15041 4/CS,GAL REFILLABLE MURIATIC ACID,CS,28.04,84.12,DC237502,3,0,3,123.60,214,PRIORITY PICK,
DC237502,DC195584,BLAKLE,INV,10/02/2024,10/02/2024,309.69,0.00,309.69,25.08,0.00,0.00,10/02/2024,D,KPS POOLS LLC,705 E OXFORD DR,,,TEMPE,AZ,85283-1962,,10/02/2024,PRIORITY PICK,PP - 100% PREPAYMENT PICK-UP,8,311.5,,P,0.00,,0,CP,MSDS Sheet 8A,"Rev#  1 Date:         Bin:   ",,0.00,0.00,DC237502,4,0,0,0.00,214,PRIORITY PICK,
DC237502,DC195584,BLAKLE,INV,10/02/2024,10/02/2024,309.69,0.00,309.69,25.08,0.00,0.00,10/02/2024,D,KPS POOLS LLC,705 E OXFORD DR,,,TEMPE,AZ,85283-1962,,10/02/2024,PRIORITY PICK,PP - 100% PREPAYMENT PICK-UP,8,311.5,,P,0.00,,3,HAS-50-136,01041 4/CS,GAL REFILLABLE SANI-CHLOR,CS,20.44,61.32,DC237502,5,0,3,127.80,214,PRIORITY PICK,
DC237502,DC195584,BLAKLE,INV,10/02/2024,10/02/2024,309.69,0.00,309.69,25.08,0.00,0.00,10/02/2024,D,KPS POOLS LLC,705 E OXFORD DR,,,TEMPE,AZ,85283-1962,,10/02/2024,PRIORITY PICK,PP - 100% PREPAYMENT PICK-UP,8,311.5,,P,0.00,,0,CP,MSDS Sheet 174,"Rev#    Date:05/03/11 Bin:   ",,0.00,0.00,DC237502,6,0,0,0.00,214,PRIORITY PICK,
DC237502,DC195584,BLAKLE,INV,10/02/2024,10/02/2024,309.69,0.00,309.69,25.08,0.00,0.00,10/02/2024,D,KPS POOLS LLC,705 E OXFORD DR,,,TEMPE,AZ,85283-1962,,10/02/2024,PRIORITY PICK,PP - 100% PREPAYMENT PICK-UP,8,311.5,,P,0.00,,0,C,EVEN,,,0.00,0.00,DC237502,7,0,0,0.00,214,PRIORITY PICK,
DC237502,DC195584,BLAKLE,INV,10/02/2024,10/02/2024,309.69,0.00,309.69,25.08,0.00,0.00,10/02/2024,D,KPS POOLS LLC,705 E OXFORD DR,,,TEMPE,AZ,85283-1962,,10/02/2024,PRIORITY PICK,PP - 100% PREPAYMENT PICK-UP,8,311.5,,P,0.00,,1,EZC-50-3550,47247040 24/PLT E-Z CLOR,50# 3&quot; 8OZ BIG TABS (UW),PL,155.00,155.00,DC237502,8,0,1,54.00,214,PRIORITY PICK,
DC237502,DC195584,BLAKLE,INV,10/02/2024,10/02/2024,309.69,0.00,309.69,25.08,0.00,0.00,10/02/2024,D,KPS POOLS LLC,705 E OXFORD DR,,,TEMPE,AZ,85283-1962,,10/02/2024,PRIORITY PICK,PP - 100% PREPAYMENT PICK-UP,8,311.5,,P,0.00,,0,CP,MSDS Sheet 01,"Rev#001 Date:06/16/00 Bin:   ",,0.00,0.00,DC237502,9,0,0,0.00,214,PRIORITY PICK,
DC237487,DC195570,JEREMIAH,INV,10/02/2024,10/02/2024,401.44,0.00,401.44,32.52,0.00,0.00,10/02/2024,D,KPS POOLS LLC,705 E OXFORD DR,,,TEMPE,AZ,85283-1962,,10/02/2024,PRIORITY PICK,PP - 100% PREPAYMENT PICK-UP,6,235.9,,P,0.00,,1,TCE-67-754,TC-RAGS 1.5# HEAVY WEIGHT,COTTON HAND TOWELS,EA,22.52,22.52,DC237487,1,0,1,1.50,214,PRIORITY PICK,
DC237487,DC195570,JEREMIAH,INV,10/02/2024,10/02/2024,401.44,0.00,401.44,32.52,0.00,0.00,10/02/2024,D,KPS POOLS LLC,705 E OXFORD DR,,,TEMPE,AZ,85283-1962,,10/02/2024,PRIORITY PICK,PP - 100% PREPAYMENT PICK-UP,6,235.9,,P,0.00,,1,HAS-50-135,15041 4/CS,GAL REFILLABLE MURIATIC ACID,CS,28.04,28.04,DC237487,4,0,1,41.20,214,PRIORITY PICK,
DC237487,DC195570,JEREMIAH,INV,10/02/2024,10/02/2024,401.44,0.00,401.44,32.52,0.00,0.00,10/02/2024,D,KPS POOLS LLC,705 E OXFORD DR,,,TEMPE,AZ,85283-1962,,10/02/2024,PRIORITY PICK,PP - 100% PREPAYMENT PICK-UP,6,235.9,,P,0.00,,0,CP,MSDS Sheet 8A,"Rev#  1 Date:         Bin:   ",,0.00,0.00,DC237487,5,0,0,0.00,214,PRIORITY PICK,
DC237487,DC195570,JEREMIAH,INV,10/02/2024,10/02/2024,401.44,0.00,401.44,32.52,0.00,0.00,10/02/2024,D,KPS POOLS LLC,705 E OXFORD DR,,,TEMPE,AZ,85283-1962,,10/02/2024,PRIORITY PICK,PP - 100% PREPAYMENT PICK-UP,6,235.9,,P,0.00,,2,HAS-50-136,01041 4/CS,GAL REFILLABLE SANI-CHLOR,CS,20.44,40.88,DC237487,6,0,2,85.20,214,PRIORITY PICK,
DC237487,DC195570,JEREMIAH,INV,10/02/2024,10/02/2024,401.44,0.00,401.44,32.52,0.00,0.00,10/02/2024,D,KPS POOLS LLC,705 E OXFORD DR,,,TEMPE,AZ,85283-1962,,10/02/2024,PRIORITY PICK,PP - 100% PREPAYMENT PICK-UP,6,235.9,,P,0.00,,0,CP,MSDS Sheet 174,"Rev#    Date:05/03/11 Bin:   ",,0.00,0.00,DC237487,7,0,0,0.00,214,PRIORITY PICK,
DC237487,DC195570,JEREMIAH,INV,10/02/2024,10/02/2024,401.44,0.00,401.44,32.52,0.00,0.00,10/02/2024,D,KPS POOLS LLC,705 E OXFORD DR,,,TEMPE,AZ,85283-1962,,10/02/2024,PRIORITY PICK,PP - 100% PREPAYMENT PICK-UP,6,235.9,,P,0.00,,2,EZC-50-3550,47247040 24/PLT E-Z CLOR,50# 3&quot; 8OZ BIG TABS (UW),PL,155.00,310.00,DC237487,8,0,2,108.00,214,PRIORITY PICK,
DC237487,DC195570,JEREMIAH,INV,10/02/2024,10/02/2024,401.44,0.00,401.44,32.52,0.00,0.00,10/02/2024,D,KPS POOLS LLC,705 E OXFORD DR,,,TEMPE,AZ,85283-1962,,10/02/2024,PRIORITY PICK,PP - 100% PREPAYMENT PICK-UP,6,235.9,,P,0.00,,0,CP,MSDS Sheet 01,"Rev#001 Date:06/16/00 Bin:   ",,0.00,0.00,DC237487,9,0,0,0.00,214,PRIORITY PICK,
DC237427,DC195514,JEREMIAH,INV,10/01/2024,10/01/2024,37.87,40.94,37.87,3.07,0.00,0.00,10/01/2024,D,KPS POOLS LLC,705 E OXFORD DR,,,TEMPE,AZ,85283-1962,,10/01/2024,PRIORITY PICK,PP - 100% PREPAYMENT PICK-UP,3,1.25,,P,0.00,No Preferred Carrier,1,SDC-101-0004,SW-21-350 SUPERFLO,SUPERFLO UNION KIT,EA,21.27,21.27,DC237427,2,0,1,0.75,214,PRIORITY PICK,
DC237427,DC195514,JEREMIAH,INV,10/01/2024,10/01/2024,37.87,40.94,37.87,3.07,0.00,0.00,10/01/2024,D,KPS POOLS LLC,705 E OXFORD DR,,,TEMPE,AZ,85283-1962,,10/01/2024,PRIORITY PICK,PP - 100% PREPAYMENT PICK-UP,3,1.25,,P,0.00,No Preferred Carrier,2,SPG-56-0068,SP0303-20F 2&quot;x2&quot;S,FITTING EXTENDER,EA,8.30,16.60,DC237427,3,0,2,0.50,214,PRIORITY PICK,
ND367065,ND300026,JEREMIAH,INV,10/01/2024,10/01/2024,85.30,92.38,85.30,7.08,0.00,0.00,10/01/2024,D,KPS POOLS LLC,705 E OXFORD DR,,,TEMPE,AZ,85283-1962,,10/01/2024,PRIORITY PICK,PP - 100% PREPAYMENT PICK-UP,1,1.4,,P,0.00,No Preferred Carrier,1,INT-30-669,T104M 220V DPST MECHANICAL,TIME CLOCK MECHANISM,EA,85.30,85.30,ND367065,2,0,1,1.40,512A,PRIORITY PICK,
P5508693,P5438387,JENNY,INV,09/27/2024,09/27/2024,223.92,0.00,223.92,17.47,0.00,0.00,09/27/2024,D,KPS POOLS LLC,705 E OXFORD DR,,,TEMPE,AZ,85283-1962,,09/27/2024,PRIORITY PICK,PP - 100% PREPAYMENT PICK-UP,4,180.4,,P,0.00,,1,EZC-50-3550,47247040 24/PLT E-Z CLOR,50# 3&quot; 8OZ BIG TABS (UW),PL,155.00,155.00,P5508693,1,0,1,54.00,537A,PRIORITY PICK,
P5508693,P5438387,JENNY,INV,09/27/2024,09/27/2024,223.92,0.00,223.92,17.47,0.00,0.00,09/27/2024,D,KPS POOLS LLC,705 E OXFORD DR,,,TEMPE,AZ,85283-1962,,09/27/2024,PRIORITY PICK,PP - 100% PREPAYMENT PICK-UP,4,180.4,,P,0.00,,0,CP,MSDS Sheet 01,"Rev#001 Date:06/16/00 Bin:   ",,0.00,0.00,P5508693,2,0,0,0.00,537A,PRIORITY PICK,
P5508693,P5438387,JENNY,INV,09/27/2024,09/27/2024,223.92,0.00,223.92,17.47,0.00,0.00,09/27/2024,D,KPS POOLS LLC,705 E OXFORD DR,,,TEMPE,AZ,85283-1962,,09/27/2024,PRIORITY PICK,PP - 100% PREPAYMENT PICK-UP,4,180.4,,P,0.00,,1,HAS-50-135,15041 4/CS,GAL REFILLABLE MURIATIC ACID,CS,28.04,28.04,P5508693,3,0,1,41.20,537A,PRIORITY PICK,
P5508693,P5438387,JENNY,INV,09/27/2024,09/27/2024,223.92,0.00,223.92,17.47,0.00,0.00,09/27/2024,D,KPS POOLS LLC,705 E OXFORD DR,,,TEMPE,AZ,85283-1962,,09/27/2024,PRIORITY PICK,PP - 100% PREPAYMENT PICK-UP,4,180.4,,P,0.00,,0,CP,MSDS Sheet 8A,"Rev#  1 Date:         Bin:   ",,0.00,0.00,P5508693,4,0,0,0.00,537A,PRIORITY PICK,
P5508693,P5438387,JENNY,INV,09/27/2024,09/27/2024,223.92,0.00,223.92,17.47,0.00,0.00,09/27/2024,D,KPS POOLS LLC,705 E OXFORD DR,,,TEMPE,AZ,85283-1962,,09/27/2024,PRIORITY PICK,PP - 100% PREPAYMENT PICK-UP,4,180.4,,P,0.00,,2,HAS-50-136,01041 4/CS,GAL REFILLABLE SANI-CHLOR,CS,20.44,40.88,P5508693,5,0,2,85.20,537A,PRIORITY PICK,
P5508693,P5438387,JENNY,INV,09/27/2024,09/27/2024,223.92,0.00,223.92,17.47,0.00,0.00,09/27/2024,D,KPS POOLS LLC,705 E OXFORD DR,,,TEMPE,AZ,85283-1962,,09/27/2024,PRIORITY PICK,PP - 100% PREPAYMENT PICK-UP,4,180.4,,P,0.00,,0,C,EVEN,,,0.00,0.00,P5508693,7,0,0,0.00,537A,PRIORITY PICK,
P5508693,P5438387,JENNY,INV,09/27/2024,09/27/2024,223.92,0.00,223.92,17.47,0.00,0.00,09/27/2024,D,KPS POOLS LLC,705 E OXFORD DR,,,TEMPE,AZ,85283-1962,,09/27/2024,PRIORITY PICK,PP - 100% PREPAYMENT PICK-UP,4,180.4,,P,0.00,,0,CP,MSDS Sheet 174,"Rev#    Date:05/03/11 Bin:   ",,0.00,0.00,P5508693,6,0,0,0.00,537A,PRIORITY PICK,
ND366519,ND299548,SHAWN,INV,09/27/2024,09/27/2024,58.66,63.53,58.66,4.87,0.00,0.00,09/27/2024,D,KPS POOLS LLC,705 E OXFORD DR,,,TEMPE,AZ,85283-1962,,09/27/2024,PRIORITY PICK,PP - 100% PREPAYMENT PICK-UP,1,0.85,,P,0.00,No Preferred Carrier,1,CTM-051-3002,25831-000-100 HAYWARD PISTON,VALVE INTERNAL ASSY,EA,58.66,58.66,ND366519,2,0,1,0.85,512A,PRIORITY PICK,
ND366490,ND299523,SHAWN,INV,09/27/2024,09/27/2024,214.90,232.74,214.90,17.84,0.00,0.00,09/27/2024,D,KPS POOLS LLC,705 E OXFORD DR,,,TEMPE,AZ,85283-1962,,09/27/2024,PRIORITY PICK,PP - 100% PREPAYMENT PICK-UP,11,61.6,,P,0.00,No Preferred Carrier,10,AAA-56-4105,SCH40  2&quot;,PVC PIPE SCH40 2&quot; PER FT,FT,1.99,19.90,ND366490,1,0,10,7.00,512A,PRIORITY PICK,
ND366490,ND299523,SHAWN,INV,09/27/2024,09/27/2024,214.90,232.74,214.90,17.84,0.00,0.00,09/27/2024,D,KPS POOLS LLC,705 E OXFORD DR,,,TEMPE,AZ,85283-1962,,09/27/2024,PRIORITY PICK,PP - 100% PREPAYMENT PICK-UP,11,61.6,,P,0.00,No Preferred Carrier,1,EZC-50-1050,47245910 E-Z CLOR,50# GRANULAR ALGAE OUT,PL,195.00,195.00,ND366490,2,0,1,54.60,512A,PRIORITY PICK,
ND366490,ND299523,SHAWN,INV,09/27/2024,09/27/2024,214.90,232.74,214.90,17.84,0.00,0.00,09/27/2024,D,KPS POOLS LLC,705 E OXFORD DR,,,TEMPE,AZ,85283-1962,,09/27/2024,PRIORITY PICK,PP - 100% PREPAYMENT PICK-UP,11,61.6,,P,0.00,No Preferred Carrier,0,CP,MSDS Sheet 01,"Rev#001 Date:06/16/00 Bin:   ",,0.00,0.00,ND366490,3,0,0,0.00,512A,PRIORITY PICK,
DC237155,DC195286,JAMIE,INV,09/27/2024,09/27/2024,359.44,0.00,359.44,28.30,0.00,0.00,09/27/2024,D,KPS POOLS LLC,705 E OXFORD DR,,,TEMPE,AZ,85283-1962,,09/27/2024,PRIORITY PICK,PP - 100% PREPAYMENT PICK-UP,15,313.2,,P,0.00,,1,PSL-45-5005,PS690 12/CS BLUE/WHITE DELUXE,FLOATING CHEMICAL FEEDER,EA,9.10,9.10,DC237155,1,0,1,0.60,214,PRIORITY PICK,
DC237155,DC195286,JAMIE,INV,09/27/2024,09/27/2024,359.44,0.00,359.44,28.30,0.00,0.00,09/27/2024,D,KPS POOLS LLC,705 E OXFORD DR,,,TEMPE,AZ,85283-1962,,09/27/2024,PRIORITY PICK,PP - 100% PREPAYMENT PICK-UP,15,313.2,,P,0.00,,1,EZC-50-3550,47247040 24/PLT E-Z CLOR,50# 3&quot; 8OZ BIG TABS (UW),PL,155.00,155.00,DC237155,2,0,1,54.00,214,PRIORITY PICK,
DC237155,DC195286,JAMIE,INV,09/27/2024,09/27/2024,359.44,0.00,359.44,28.30,0.00,0.00,09/27/2024,D,KPS POOLS LLC,705 E OXFORD DR,,,TEMPE,AZ,85283-1962,,09/27/2024,PRIORITY PICK,PP - 100% PREPAYMENT PICK-UP,15,313.2,,P,0.00,,0,CP,MSDS Sheet 01,"Rev#001 Date:06/16/00 Bin:   ",,0.00,0.00,DC237155,3,0,0,0.00,214,PRIORITY PICK,
DC237155,DC195286,JAMIE,INV,09/27/2024,09/27/2024,359.44,0.00,359.44,28.30,0.00,0.00,09/27/2024,D,KPS POOLS LLC,705 E OXFORD DR,,,TEMPE,AZ,85283-1962,,09/27/2024,PRIORITY PICK,PP - 100% PREPAYMENT PICK-UP,15,313.2,,P,0.00,,3,HAS-50-136,01041 4/CS,GAL REFILLABLE SANI-CHLOR,CS,20.44,61.32,DC237155,4,0,3,127.80,214,PRIORITY PICK,
DC237155,DC195286,JAMIE,INV,09/27/2024,09/27/2024,359.44,0.00,359.44,28.30,0.00,0.00,09/27/2024,D,KPS POOLS LLC,705 E OXFORD DR,,,TEMPE,AZ,85283-1962,,09/27/2024,PRIORITY PICK,PP - 100% PREPAYMENT PICK-UP,15,313.2,,P,0.00,,0,CP,MSDS Sheet 174,"Rev#    Date:05/03/11 Bin:   ",,0.00,0.00,DC237155,5,0,0,0.00,214,PRIORITY PICK,
DC237155,DC195286,JAMIE,INV,09/27/2024,09/27/2024,359.44,0.00,359.44,28.30,0.00,0.00,09/27/2024,D,KPS POOLS LLC,705 E OXFORD DR,,,TEMPE,AZ,85283-1962,,09/27/2024,PRIORITY PICK,PP - 100% PREPAYMENT PICK-UP,15,313.2,,P,0.00,,3,HAS-50-135,15041 4/CS,GAL REFILLABLE MURIATIC ACID,CS,28.04,84.12,DC237155,6,0,3,123.60,214,PRIORITY PICK,
DC237155,DC195286,JAMIE,INV,09/27/2024,09/27/2024,359.44,0.00,359.44,28.30,0.00,0.00,09/27/2024,D,KPS POOLS LLC,705 E OXFORD DR,,,TEMPE,AZ,85283-1962,,09/27/2024,PRIORITY PICK,PP - 100% PREPAYMENT PICK-UP,15,313.2,,P,0.00,,0,CP,MSDS Sheet 8A,"Rev#  1 Date:         Bin:   ",,0.00,0.00,DC237155,7,0,0,0.00,214,PRIORITY PICK,
DC237155,DC195286,JAMIE,INV,09/27/2024,09/27/2024,359.44,0.00,359.44,28.30,0.00,0.00,09/27/2024,D,KPS POOLS LLC,705 E OXFORD DR,,,TEMPE,AZ,85283-1962,,09/27/2024,PRIORITY PICK,PP - 100% PREPAYMENT PICK-UP,15,313.2,,P,0.00,,1,HAS-50-132,SHELL,DEPOSIT SHELL/ CHEMICAL CASE,EA,6.00,6.00,DC237155,8,0,1,2.85,214,PRIORITY PICK,
DC237155,DC195286,JAMIE,INV,09/27/2024,09/27/2024,359.44,0.00,359.44,28.30,0.00,0.00,09/27/2024,D,KPS POOLS LLC,705 E OXFORD DR,,,TEMPE,AZ,85283-1962,,09/27/2024,PRIORITY PICK,PP - 100% PREPAYMENT PICK-UP,15,313.2,,P,0.00,,4,HAS-50-126,BT GAL,BOTTLE DEPOSIT,EA,1.00,4.00,DC237155,9,0,4,1.60,214,PRIORITY PICK,
DC237155,DC195286,JAMIE,INV,09/27/2024,09/27/2024,359.44,0.00,359.44,28.30,0.00,0.00,09/27/2024,D,KPS POOLS LLC,705 E OXFORD DR,,,TEMPE,AZ,85283-1962,,09/27/2024,PRIORITY PICK,PP - 100% PREPAYMENT PICK-UP,15,313.2,,P,0.00,,1,ALA-60-1001,631,5OZ MAGIC LUBE,EA,7.25,7.25,DC237155,10,0,1,0.30,214,PRIORITY PICK,
DC237155,DC195286,JAMIE,INV,09/27/2024,09/27/2024,359.44,0.00,359.44,28.30,0.00,0.00,09/27/2024,D,KPS POOLS LLC,705 E OXFORD DR,,,TEMPE,AZ,85283-1962,,09/27/2024,PRIORITY PICK,PP - 100% PREPAYMENT PICK-UP,15,313.2,,P,0.00,,1,APB-50-8022,406303A 12/CS,QT BLACK ALGAETRINE,BTL,32.65,32.65,DC237155,11,0,1,2.45,214,PRIORITY PICK,
DC237155,DC195286,JAMIE,INV,09/27/2024,09/27/2024,359.44,0.00,359.44,28.30,0.00,0.00,09/27/2024,D,KPS POOLS LLC,705 E OXFORD DR,,,TEMPE,AZ,85283-1962,,09/27/2024,PRIORITY PICK,PP - 100% PREPAYMENT PICK-UP,15,313.2,,P,0.00,,0,CP,MSDS Sheet 174,"Rev#    Date:05/03/11 Bin:   ",,0.00,0.00,DC237155,12,0,0,0.00,214,PRIORITY PICK,
